event_utc,timestamp_monterrey,date_monterrey,time_monterrey,label,event,direction_hint,hierarchy,polarity,record_type,display_class,publication_status,production_eligible,decision_effect,source_class,authority,verification_status,display_origin,source_overlay_label,source_overlay_hierarchy,official_cutoff_utc
2026-06-26T15:35:00+00:00,2026-06-26T09:35:00-06:00,2026-06-26,09:35,SELL,Moon ☍ Venus,SHORT,TAC,BEAR,TAC_EVENT,TAC_OFFICIAL,OFFICIAL_TAC,True,DISPLAY_TAC_OFFICIAL_REFERENCE,ORIGINAL_CANONICAL,HISTORICAL_CANONICAL,HISTORICAL_CANONICAL_DATASET,NORMAL_TAC_MASTER,,,2026-09-28T02:49:00+00:00
2026-06-27T03:34:00+00:00,2026-06-26T21:34:00-06:00,2026-06-26,21:34,BUY,Moon △ Neptune,LONG,TAC,BULL,TAC_EVENT,TAC_OFFICIAL,OFFICIAL_TAC,True,DISPLAY_TAC_OFFICIAL_REFERENCE,ORIGINAL_CANONICAL,HISTORICAL_CANONICAL,HISTORICAL_CANONICAL_DATASET,NORMAL_TAC_MASTER,,,2026-09-28T02:49:00+00:00
2026-06-27T05:20:00+00:00,2026-06-26T23:20:00-06:00,2026-06-26,23:20,BUY,Sun △ Venus natal,LONG,TAC,BULL,TAC_EVENT,TAC_OFFICIAL,OFFICIAL_TAC,True,DISPLAY_TAC_OFFICIAL_REFERENCE,ORIGINAL_CANONICAL,HISTORICAL_CANONICAL,HISTORICAL_CANONICAL_DATASET,NORMAL_TAC_MASTER,,,2026-09-28T02:49:00+00:00
2026-06-27T12:33:00+00:00,2026-06-27T06:33:00-06:00,2026-06-27,06:33,BUY,Moon △ ASC,LONG,TAC,BULL,TAC_EVENT,TAC_OFFICIAL,OFFICIAL_TAC,True,DISPLAY_TAC_OFFICIAL_REFERENCE,ORIGINAL_CANONICAL,HISTORICAL_CANONICAL,HISTORICAL_CANONICAL_DATASET,NORMAL_TAC_MASTER,,,2026-09-28T02:49:00+00:00
2026-06-27T23:09:00+00:00,2026-06-27T17:09:00-06:00,2026-06-27,17:09,BUY,Moon △ Saturn,LONG,TAC,BULL,TAC_EVENT,TAC_OFFICIAL,OFFICIAL_TAC,True,DISPLAY_TAC_OFFICIAL_REFERENCE,ORIGINAL_CANONICAL,HISTORICAL_CANONICAL,HISTORICAL_CANONICAL_DATASET,NORMAL_TAC_MASTER,,,2026-09-28T02:49:00+00:00
2026-06-28T08:08:00+00:00,2026-06-28T02:08:00-06:00,2026-06-28,02:08,BUY,Moon △ MC,LONG,TAC,BULL,TAC_EVENT,TAC_OFFICIAL,OFFICIAL_TAC,True,DISPLAY_TAC_OFFICIAL_REFERENCE,ORIGINAL_CANONICAL,HISTORICAL_CANONICAL,HISTORICAL_CANONICAL_DATASET,NORMAL_TAC_MASTER,,,2026-09-28T02:49:00+00:00
2026-06-28T14:41:00+00:00,2026-06-28T08:41:00-06:00,2026-06-28,08:41,SELL,Moon □ Saturn,SHORT,TAC,BEAR,TAC_EVENT,TAC_OFFICIAL,OFFICIAL_TAC,True,DISPLAY_TAC_OFFICIAL_REFERENCE,ORIGINAL_CANONICAL,HISTORICAL_CANONICAL,HISTORICAL_CANONICAL_DATASET,NORMAL_TAC_MASTER,,,2026-09-28T02:49:00+00:00
2026-06-29T10:04:00+00:00,2026-06-29T04:04:00-06:00,2026-06-29,04:04,SELL,Moon □ Pluto,SHORT,TAC,BEAR,TAC_EVENT,TAC_OFFICIAL,OFFICIAL_TAC,True,DISPLAY_TAC_OFFICIAL_REFERENCE,ORIGINAL_CANONICAL,HISTORICAL_CANONICAL,HISTORICAL_CANONICAL_DATASET,NORMAL_TAC_MASTER,,,2026-09-28T02:49:00+00:00
2026-06-30T10:34:00+00:00,2026-06-30T04:34:00-06:00,2026-06-30,04:34,SELL,Moon ☌ Sun natal,SHORT,TAC,BEAR,TAC_EVENT,TAC_OFFICIAL,OFFICIAL_TAC,True,DISPLAY_TAC_OFFICIAL_REFERENCE,ORIGINAL_CANONICAL,HISTORICAL_CANONICAL,HISTORICAL_CANONICAL_DATASET,NORMAL_TAC_MASTER,,,2026-09-28T02:49:00+00:00
2026-06-30T20:37:00+00:00,2026-06-30T14:37:00-06:00,2026-06-30,14:37,SELL,Moon □ MC,SHORT,TAC,BEAR,TAC_EVENT,TAC_OFFICIAL,OFFICIAL_TAC,True,DISPLAY_TAC_OFFICIAL_REFERENCE,ORIGINAL_CANONICAL,HISTORICAL_CANONICAL,HISTORICAL_CANONICAL_DATASET,NORMAL_TAC_MASTER,,,2026-09-28T02:49:00+00:00
2026-07-01T11:52:00+00:00,2026-07-01T05:52:00-06:00,2026-07-01,05:52,SELL,Moon ☍ Mercury,SHORT,TAC,BEAR,TAC_EVENT,TAC_OFFICIAL,OFFICIAL_TAC,True,DISPLAY_TAC_OFFICIAL_REFERENCE,ORIGINAL_CANONICAL,HISTORICAL_CANONICAL,HISTORICAL_CANONICAL_DATASET,NORMAL_TAC_MASTER,,,2026-09-28T02:49:00+00:00
2026-07-01T20:15:00+00:00,2026-07-01T14:15:00-06:00,2026-07-01,14:15,SELL,Moon ☍ Jupiter,SHORT,TAC,BEAR,TAC_EVENT,TAC_OFFICIAL,OFFICIAL_TAC,True,DISPLAY_TAC_OFFICIAL_REFERENCE,ORIGINAL_CANONICAL,HISTORICAL_CANONICAL,HISTORICAL_CANONICAL_DATASET,NORMAL_TAC_MASTER,,,2026-09-28T02:49:00+00:00
2026-07-02T00:05:00+00:00,2026-07-01T18:05:00-06:00,2026-07-01,18:05,BUY,Moon △ Mars,LONG,TAC,BULL,TAC_EVENT,TAC_OFFICIAL,OFFICIAL_TAC,True,DISPLAY_TAC_OFFICIAL_REFERENCE,ORIGINAL_CANONICAL,HISTORICAL_CANONICAL,HISTORICAL_CANONICAL_DATASET,NORMAL_TAC_MASTER,,,2026-09-28T02:49:00+00:00
2026-07-02T01:08:00+00:00,2026-07-01T19:08:00-06:00,2026-07-01,19:08,SELL,Moon ☍ Mercury,SHORT,TAC,BEAR,TAC_EVENT,TAC_OFFICIAL,OFFICIAL_TAC,True,DISPLAY_TAC_OFFICIAL_REFERENCE,ORIGINAL_CANONICAL,HISTORICAL_CANONICAL,HISTORICAL_CANONICAL_DATASET,NORMAL_TAC_MASTER,,,2026-09-28T02:49:00+00:00
2026-07-02T03:03:00+00:00,2026-07-01T21:03:00-06:00,2026-07-01,21:03,BUY,Moon △ Uranus,LONG,TAC,BULL,TAC_EVENT,TAC_OFFICIAL,OFFICIAL_TAC,True,DISPLAY_TAC_OFFICIAL_REFERENCE,ORIGINAL_CANONICAL,HISTORICAL_CANONICAL,HISTORICAL_CANONICAL_DATASET,NORMAL_TAC_MASTER,,,2026-09-28T02:49:00+00:00
2026-07-02T05:12:00+00:00,2026-07-01T23:12:00-06:00,2026-07-01,23:12,SELL,Moon □ Pluto,SHORT,TAC,BEAR,TAC_EVENT,TAC_OFFICIAL,OFFICIAL_TAC,True,DISPLAY_TAC_OFFICIAL_REFERENCE,ORIGINAL_CANONICAL,HISTORICAL_CANONICAL,HISTORICAL_CANONICAL_DATASET,NORMAL_TAC_MASTER,,,2026-09-28T02:49:00+00:00
2026-07-02T13:07:00+00:00,2026-07-02T07:07:00-06:00,2026-07-02,07:07,SELL,Moon ☍ ASC,SHORT,TAC,BEAR,TAC_EVENT,TAC_OFFICIAL,OFFICIAL_TAC,True,DISPLAY_TAC_OFFICIAL_REFERENCE,ORIGINAL_CANONICAL,HISTORICAL_CANONICAL,HISTORICAL_CANONICAL_DATASET,NORMAL_TAC_MASTER,,,2026-09-28T02:49:00+00:00
2026-07-02T17:45:00+00:00,2026-07-02T11:45:00-06:00,2026-07-02,11:45,BUY,Mars △ Mercury,LONG,TAC,BULL,TAC_EVENT,TAC_OFFICIAL,OFFICIAL_TAC,True,DISPLAY_TAC_OFFICIAL_REFERENCE,ORIGINAL_CANONICAL,HISTORICAL_CANONICAL,HISTORICAL_CANONICAL_DATASET,NORMAL_TAC_MASTER,,,2026-09-28T02:49:00+00:00
2026-07-03T16:00:00+00:00,2026-07-03T10:00:00-06:00,2026-07-03,10:00,SELL,Moon ☍ Neptune,SHORT,TAC,BEAR,TAC_EVENT,TAC_OFFICIAL,OFFICIAL_TAC,True,DISPLAY_TAC_OFFICIAL_REFERENCE,ORIGINAL_CANONICAL,HISTORICAL_CANONICAL,HISTORICAL_CANONICAL_DATASET,NORMAL_TAC_MASTER,,,2026-09-28T02:49:00+00:00
2026-07-03T17:29:00+00:00,2026-07-03T11:29:00-06:00,2026-07-03,11:29,SELL,Moon □ Venus,SHORT,TAC,BEAR,TAC_EVENT,TAC_OFFICIAL,OFFICIAL_TAC,True,DISPLAY_TAC_OFFICIAL_REFERENCE,ORIGINAL_CANONICAL,HISTORICAL_CANONICAL,HISTORICAL_CANONICAL_DATASET,NORMAL_TAC_MASTER,,,2026-09-28T02:49:00+00:00
2026-07-04T14:27:00+00:00,2026-07-04T08:27:00-06:00,2026-07-04,08:27,SELL,Moon ☍ Mars,SHORT,TAC,BEAR,TAC_EVENT,TAC_OFFICIAL,OFFICIAL_TAC,True,DISPLAY_TAC_OFFICIAL_REFERENCE,ORIGINAL_CANONICAL,HISTORICAL_CANONICAL,HISTORICAL_CANONICAL_DATASET,NORMAL_TAC_MASTER,,,2026-09-28T02:49:00+00:00
2026-07-05T08:02:00+00:00,2026-07-05T02:02:00-06:00,2026-07-05,02:02,BUY,Moon △ Sun,LONG,TAC,BULL,TAC_EVENT,TAC_OFFICIAL,OFFICIAL_TAC,True,DISPLAY_TAC_OFFICIAL_REFERENCE,ORIGINAL_CANONICAL,HISTORICAL_CANONICAL,HISTORICAL_CANONICAL_DATASET,NORMAL_TAC_MASTER,,,2026-09-28T02:49:00+00:00
2026-07-05T12:33:00+00:00,2026-07-05T06:33:00-06:00,2026-07-05,06:33,SELL,Sun ☌ Sun,SHORT,TAC,BEAR,TAC_EVENT,TAC_OFFICIAL,OFFICIAL_TAC,True,DISPLAY_TAC_OFFICIAL_REFERENCE,ORIGINAL_CANONICAL,HISTORICAL_CANONICAL,HISTORICAL_CANONICAL_DATASET,NORMAL_TAC_MASTER,,,2026-09-28T02:49:00+00:00
2026-07-05T23:52:00+00:00,2026-07-05T17:52:00-06:00,2026-07-05,17:52,SELL,Moon □ Saturn,SHORT,TAC,BEAR,TAC_EVENT,TAC_OFFICIAL,OFFICIAL_TAC,True,DISPLAY_TAC_OFFICIAL_REFERENCE,ORIGINAL_CANONICAL,HISTORICAL_CANONICAL,HISTORICAL_CANONICAL_DATASET,NORMAL_TAC_MASTER,,,2026-09-28T02:49:00+00:00
2026-07-06T05:22:00+00:00,2026-07-05T23:22:00-06:00,2026-07-05,23:22,BUY,Moon △ Mercury,LONG,TAC,BULL,TAC_EVENT,TAC_OFFICIAL,OFFICIAL_TAC,True,DISPLAY_TAC_OFFICIAL_REFERENCE,ORIGINAL_CANONICAL,HISTORICAL_CANONICAL,HISTORICAL_CANONICAL_DATASET,NORMAL_TAC_MASTER,,,2026-09-28T02:49:00+00:00
2026-07-06T17:42:00+00:00,2026-07-06T11:42:00-06:00,2026-07-06,11:42,BUY,Moon △ Jupiter,LONG,TAC,BULL,TAC_EVENT,TAC_OFFICIAL,OFFICIAL_TAC,True,DISPLAY_TAC_OFFICIAL_REFERENCE,ORIGINAL_CANONICAL,HISTORICAL_CANONICAL,HISTORICAL_CANONICAL_DATASET,NORMAL_TAC_MASTER,,,2026-09-28T02:49:00+00:00
2026-07-07T01:22:00+00:00,2026-07-06T19:22:00-06:00,2026-07-06,19:22,SELL,Moon □ Mars,SHORT,TAC,BEAR,TAC_EVENT,TAC_OFFICIAL,OFFICIAL_TAC,True,DISPLAY_TAC_OFFICIAL_REFERENCE,ORIGINAL_CANONICAL,HISTORICAL_CANONICAL,HISTORICAL_CANONICAL_DATASET,NORMAL_TAC_MASTER,,,2026-09-28T02:49:00+00:00
2026-07-07T15:36:00+00:00,2026-07-07T09:36:00-06:00,2026-07-07,09:36,SELL,Moon ☌ Sun,SHORT,TAC,BEAR,TAC_EVENT,TAC_OFFICIAL,OFFICIAL_TAC,True,DISPLAY_TAC_OFFICIAL_REFERENCE,ORIGINAL_CANONICAL,HISTORICAL_CANONICAL,HISTORICAL_CANONICAL_DATASET,NORMAL_TAC_MASTER,,,2026-09-28T02:49:00+00:00
2026-07-07T17:16:00+00:00,2026-07-07T11:16:00-06:00,2026-07-07,11:16,SELL,Moon □ Saturn,SHORT,TAC,BEAR,TAC_EVENT,TAC_OFFICIAL,OFFICIAL_TAC,True,DISPLAY_TAC_OFFICIAL_REFERENCE,ORIGINAL_CANONICAL,HISTORICAL_CANONICAL,HISTORICAL_CANONICAL_DATASET,NORMAL_TAC_MASTER,,,2026-09-28T02:49:00+00:00
2026-07-07T19:38:00+00:00,2026-07-07T13:38:00-06:00,2026-07-07,13:38,SELL,Moon ☌ Sun,SHORT,TAC,BEAR,TAC_EVENT,TAC_OFFICIAL,OFFICIAL_TAC,True,DISPLAY_TAC_OFFICIAL_REFERENCE,ORIGINAL_CANONICAL,HISTORICAL_CANONICAL,HISTORICAL_CANONICAL_DATASET,NORMAL_TAC_MASTER,,,2026-09-28T02:49:00+00:00
2026-07-08T09:25:00+00:00,2026-07-08T03:25:00-06:00,2026-07-08,03:25,SELL,Moon ☍ Mercury,SHORT,TAC,BEAR,TAC_EVENT,TAC_OFFICIAL,OFFICIAL_TAC,True,DISPLAY_TAC_OFFICIAL_REFERENCE,ORIGINAL_CANONICAL,HISTORICAL_CANONICAL,HISTORICAL_CANONICAL_DATASET,NORMAL_TAC_MASTER,,,2026-09-28T02:49:00+00:00
2026-07-08T18:42:00+00:00,2026-07-08T12:42:00-06:00,2026-07-08,12:42,BUY,Moon △ Venus,LONG,TAC,BULL,TAC_EVENT,TAC_OFFICIAL,OFFICIAL_TAC,True,DISPLAY_TAC_OFFICIAL_REFERENCE,ORIGINAL_CANONICAL,HISTORICAL_CANONICAL,HISTORICAL_CANONICAL_DATASET,NORMAL_TAC_MASTER,,,2026-09-28T02:49:00+00:00
2026-07-08T22:51:00+00:00,2026-07-08T16:51:00-06:00,2026-07-08,16:51,BUY,Moon △ Pluto,LONG,TAC,BULL,TAC_EVENT,TAC_OFFICIAL,OFFICIAL_TAC,True,DISPLAY_TAC_OFFICIAL_REFERENCE,ORIGINAL_CANONICAL,HISTORICAL_CANONICAL,HISTORICAL_CANONICAL_DATASET,NORMAL_TAC_MASTER,,,2026-09-28T02:49:00+00:00
2026-07-09T01:19:00+00:00,2026-07-08T19:19:00-06:00,2026-07-08,19:19,SELL,Moon ☍ Mercury,SHORT,TAC,BEAR,TAC_EVENT,TAC_OFFICIAL,OFFICIAL_TAC,True,DISPLAY_TAC_OFFICIAL_REFERENCE,ORIGINAL_CANONICAL,HISTORICAL_CANONICAL,HISTORICAL_CANONICAL_DATASET,NORMAL_TAC_MASTER,,,2026-09-28T02:49:00+00:00
2026-07-09T04:35:00+00:00,2026-07-08T22:35:00-06:00,2026-07-08,22:35,SELL,Moon □ Pluto,SHORT,TAC,BEAR,TAC_EVENT,TAC_OFFICIAL,OFFICIAL_TAC,True,DISPLAY_TAC_OFFICIAL_REFERENCE,ORIGINAL_CANONICAL,HISTORICAL_CANONICAL,HISTORICAL_CANONICAL_DATASET,NORMAL_TAC_MASTER,,,2026-09-28T02:49:00+00:00
2026-07-09T06:07:00+00:00,2026-07-09T00:07:00-06:00,2026-07-09,00:07,BUY,Moon △ Mars,LONG,TAC,BULL,TAC_EVENT,TAC_OFFICIAL,OFFICIAL_TAC,True,DISPLAY_TAC_OFFICIAL_REFERENCE,ORIGINAL_CANONICAL,HISTORICAL_CANONICAL,HISTORICAL_CANONICAL_DATASET,NORMAL_TAC_MASTER,,,2026-09-28T02:49:00+00:00
2026-07-09T19:29:00+00:00,2026-07-09T13:29:00-06:00,2026-07-09,13:29,BUY,Moon △ Sun,LONG,TAC,BULL,TAC_EVENT,TAC_OFFICIAL,OFFICIAL_TAC,True,DISPLAY_TAC_OFFICIAL_REFERENCE,ORIGINAL_CANONICAL,HISTORICAL_CANONICAL,HISTORICAL_CANONICAL_DATASET,NORMAL_TAC_MASTER,,,2026-09-28T02:49:00+00:00
2026-07-09T22:53:00+00:00,2026-07-09T16:53:00-06:00,2026-07-09,16:53,SELL,Venus □ Venus,SHORT,TAC,BEAR,TAC_EVENT,TAC_OFFICIAL,OFFICIAL_TAC,True,DISPLAY_TAC_OFFICIAL_REFERENCE,ORIGINAL_CANONICAL,HISTORICAL_CANONICAL,HISTORICAL_CANONICAL_DATASET,NORMAL_TAC_MASTER,,,2026-09-28T02:49:00+00:00
2026-07-10T09:11:00+00:00,2026-07-10T03:11:00-06:00,2026-07-10,03:11,BUY,Moon △ Saturn,LONG,TAC,BULL,TAC_EVENT,TAC_OFFICIAL,OFFICIAL_TAC,True,DISPLAY_TAC_OFFICIAL_REFERENCE,ORIGINAL_CANONICAL,HISTORICAL_CANONICAL,HISTORICAL_CANONICAL_DATASET,NORMAL_TAC_MASTER,,,2026-09-28T02:49:00+00:00
2026-07-10T21:59:00+00:00,2026-07-10T15:59:00-06:00,2026-07-10,15:59,BUY,Moon △ Jupiter,LONG,TAC,BULL,TAC_EVENT,TAC_OFFICIAL,OFFICIAL_TAC,True,DISPLAY_TAC_OFFICIAL_REFERENCE,ORIGINAL_CANONICAL,HISTORICAL_CANONICAL,HISTORICAL_CANONICAL_DATASET,NORMAL_TAC_MASTER,,,2026-09-28T02:49:00+00:00
2026-07-11T06:15:00+00:00,2026-07-11T00:15:00-06:00,2026-07-11,00:15,BUY,Moon △ Pluto,LONG,TAC,BULL,TAC_EVENT,TAC_OFFICIAL,OFFICIAL_TAC,True,DISPLAY_TAC_OFFICIAL_REFERENCE,ORIGINAL_CANONICAL,HISTORICAL_CANONICAL,HISTORICAL_CANONICAL_DATASET,NORMAL_TAC_MASTER,,,2026-09-28T02:49:00+00:00
2026-07-11T13:17:00+00:00,2026-07-11T07:17:00-06:00,2026-07-11,07:17,BUY,Moon △ Mars,LONG,TAC,BULL,TAC_EVENT,TAC_OFFICIAL,OFFICIAL_TAC,True,DISPLAY_TAC_OFFICIAL_REFERENCE,ORIGINAL_CANONICAL,HISTORICAL_CANONICAL,HISTORICAL_CANONICAL_DATASET,NORMAL_TAC_MASTER,,,2026-09-28T02:49:00+00:00
2026-07-12T23:11:00+00:00,2026-07-12T17:11:00-06:00,2026-07-12,17:11,BUY,Moon △ Venus,LONG,TAC,BULL,TAC_EVENT,TAC_OFFICIAL,OFFICIAL_TAC,True,DISPLAY_TAC_OFFICIAL_REFERENCE,ORIGINAL_CANONICAL,HISTORICAL_CANONICAL,HISTORICAL_CANONICAL_DATASET,NORMAL_TAC_MASTER,,,2026-09-28T02:49:00+00:00
2026-07-13T00:56:00+00:00,2026-07-12T18:56:00-06:00,2026-07-12,18:56,SELL,Moon □ Pluto,SHORT,TAC,BEAR,TAC_EVENT,TAC_OFFICIAL,OFFICIAL_TAC,True,DISPLAY_TAC_OFFICIAL_REFERENCE,ORIGINAL_CANONICAL,HISTORICAL_CANONICAL,HISTORICAL_CANONICAL_DATASET,NORMAL_TAC_MASTER,,,2026-09-28T02:49:00+00:00
2026-07-13T07:40:00+00:00,2026-07-13T01:40:00-06:00,2026-07-13,01:40,SELL,Moon □ Mars,SHORT,TAC,BEAR,TAC_EVENT,TAC_OFFICIAL,OFFICIAL_TAC,True,DISPLAY_TAC_OFFICIAL_REFERENCE,ORIGINAL_CANONICAL,HISTORICAL_CANONICAL,HISTORICAL_CANONICAL_DATASET,NORMAL_TAC_MASTER,,,2026-09-28T02:49:00+00:00
2026-07-13T20:14:00+00:00,2026-07-13T14:14:00-06:00,2026-07-13,14:14,SELL,Moon □ Sun,SHORT,TAC,BEAR,TAC_EVENT,TAC_OFFICIAL,OFFICIAL_TAC,True,DISPLAY_TAC_OFFICIAL_REFERENCE,ORIGINAL_CANONICAL,HISTORICAL_CANONICAL,HISTORICAL_CANONICAL_DATASET,NORMAL_TAC_MASTER,,,2026-09-28T02:49:00+00:00
2026-07-13T21:58:00+00:00,2026-07-13T15:58:00-06:00,2026-07-13,15:58,SELL,Moon □ Saturn,SHORT,TAC,BEAR,TAC_EVENT,TAC_OFFICIAL,OFFICIAL_TAC,True,DISPLAY_TAC_OFFICIAL_REFERENCE,ORIGINAL_CANONICAL,HISTORICAL_CANONICAL,HISTORICAL_CANONICAL_DATASET,NORMAL_TAC_MASTER,,,2026-09-28T02:49:00+00:00
2026-07-14T21:53:00+00:00,2026-07-14T15:53:00-06:00,2026-07-14,15:53,SELL,Moon △ Jupiter,SHORT,TAC,BEAR,TAC_EVENT,TAC_OFFICIAL,OFFICIAL_TAC,True,DISPLAY_TAC_OFFICIAL_REFERENCE,ORIGINAL_CANONICAL,HISTORICAL_CANONICAL,HISTORICAL_CANONICAL_DATASET,NORMAL_TAC_MASTER,,,2026-09-28T02:49:00+00:00
2026-07-15T05:43:00+00:00,2026-07-14T23:43:00-06:00,2026-07-14,23:43,BUY,Moon △ Neptune,LONG,TAC,BULL,TAC_EVENT,TAC_OFFICIAL,OFFICIAL_TAC,True,DISPLAY_TAC_OFFICIAL_REFERENCE,ORIGINAL_CANONICAL,HISTORICAL_CANONICAL,HISTORICAL_CANONICAL_DATASET,NORMAL_TAC_MASTER,,,2026-09-28T02:49:00+00:00
2026-07-15T12:56:00+00:00,2026-07-15T06:56:00-06:00,2026-07-15,06:56,BUY,Moon ☍ ASC,LONG,TAC,BULL,TAC_EVENT,TAC_OFFICIAL,OFFICIAL_TAC,True,DISPLAY_TAC_OFFICIAL_REFERENCE,ORIGINAL_CANONICAL,HISTORICAL_CANONICAL,HISTORICAL_CANONICAL_DATASET,NORMAL_TAC_MASTER,,,2026-09-28T02:49:00+00:00
2026-07-15T22:27:00+00:00,2026-07-15T16:27:00-06:00,2026-07-15,16:27,BUY,Moon △ Saturn,LONG,TAC,BULL,TAC_EVENT,TAC_OFFICIAL,OFFICIAL_TAC,True,DISPLAY_TAC_OFFICIAL_REFERENCE,ORIGINAL_CANONICAL,HISTORICAL_CANONICAL,HISTORICAL_CANONICAL_DATASET,NORMAL_TAC_MASTER,,,2026-09-28T02:49:00+00:00
2026-07-16T04:51:00+00:00,2026-07-15T22:51:00-06:00,2026-07-15,22:51,BUY,Moon △ MC,LONG,TAC,BULL,TAC_EVENT,TAC_OFFICIAL,OFFICIAL_TAC,True,DISPLAY_TAC_OFFICIAL_REFERENCE,ORIGINAL_CANONICAL,HISTORICAL_CANONICAL,HISTORICAL_CANONICAL_DATASET,NORMAL_TAC_MASTER,,,2026-09-28T02:49:00+00:00
2026-07-16T11:31:00+00:00,2026-07-16T05:31:00-06:00,2026-07-16,05:31,SELL,Moon ☌ Neptune,SHORT,TAC,BEAR,TAC_EVENT,TAC_OFFICIAL,OFFICIAL_TAC,True,DISPLAY_TAC_OFFICIAL_REFERENCE,ORIGINAL_CANONICAL,HISTORICAL_CANONICAL,HISTORICAL_CANONICAL_DATASET,NORMAL_TAC_MASTER,,,2026-09-28T02:49:00+00:00
2026-07-16T15:54:00+00:00,2026-07-16T09:54:00-06:00,2026-07-16,09:54,SELL,Mercury □ MC,SHORT,TAC,BEAR,TAC_EVENT,TAC_OFFICIAL,OFFICIAL_TAC,True,DISPLAY_TAC_OFFICIAL_REFERENCE,ORIGINAL_CANONICAL,HISTORICAL_CANONICAL,HISTORICAL_CANONICAL_DATASET,NORMAL_TAC_MASTER,,,2026-09-28T02:49:00+00:00
2026-07-17T00:34:00+00:00,2026-07-16T18:34:00-06:00,2026-07-16,18:34,SELL,Moon ☍ Venus,SHORT,TAC,BEAR,TAC_EVENT,TAC_OFFICIAL,OFFICIAL_TAC,True,DISPLAY_TAC_OFFICIAL_REFERENCE,ORIGINAL_CANONICAL,HISTORICAL_CANONICAL,HISTORICAL_CANONICAL_DATASET,NORMAL_TAC_MASTER,,,2026-09-28T02:49:00+00:00
2026-07-17T07:45:00+00:00,2026-07-17T01:45:00-06:00,2026-07-17,01:45,SELL,Moon ☌ Uranus,SHORT,TAC,BEAR,TAC_EVENT,TAC_OFFICIAL,OFFICIAL_TAC,True,DISPLAY_TAC_OFFICIAL_REFERENCE,ORIGINAL_CANONICAL,HISTORICAL_CANONICAL,HISTORICAL_CANONICAL_DATASET,NORMAL_TAC_MASTER,,,2026-09-28T02:49:00+00:00
2026-07-17T09:43:00+00:00,2026-07-17T03:43:00-06:00,2026-07-17,03:43,BUY,Moon △ Mars,LONG,TAC,BULL,TAC_EVENT,TAC_OFFICIAL,OFFICIAL_TAC,True,DISPLAY_TAC_OFFICIAL_REFERENCE,ORIGINAL_CANONICAL,HISTORICAL_CANONICAL,HISTORICAL_CANONICAL_DATASET,NORMAL_TAC_MASTER,,,2026-09-28T02:49:00+00:00
2026-07-17T23:24:00+00:00,2026-07-17T17:24:00-06:00,2026-07-17,17:24,SELL,Moon ☍ Mars,SHORT,TAC,BEAR,TAC_EVENT,TAC_OFFICIAL,OFFICIAL_TAC,True,DISPLAY_TAC_OFFICIAL_REFERENCE,ORIGINAL_CANONICAL,HISTORICAL_CANONICAL,HISTORICAL_CANONICAL_DATASET,NORMAL_TAC_MASTER,,,2026-09-28T02:49:00+00:00
2026-07-17T23:28:00+00:00,2026-07-17T17:28:00-06:00,2026-07-17,17:28,BUY,Moon △ Sun,LONG,TAC,BULL,TAC_EVENT,TAC_OFFICIAL,OFFICIAL_TAC,True,DISPLAY_TAC_OFFICIAL_REFERENCE,ORIGINAL_CANONICAL,HISTORICAL_CANONICAL,HISTORICAL_CANONICAL_DATASET,NORMAL_TAC_MASTER,,,2026-09-28T02:49:00+00:00
2026-07-18T09:43:00+00:00,2026-07-18T03:43:00-06:00,2026-07-18,03:43,SELL,Moon ☌ Uranus,SHORT,TAC,BEAR,TAC_EVENT,TAC_OFFICIAL,OFFICIAL_TAC,True,DISPLAY_TAC_OFFICIAL_REFERENCE,ORIGINAL_CANONICAL,HISTORICAL_CANONICAL,HISTORICAL_CANONICAL_DATASET,NORMAL_TAC_MASTER,,,2026-09-28T02:49:00+00:00
2026-07-18T14:40:00+00:00,2026-07-18T08:40:00-06:00,2026-07-18,08:40,SELL,Moon □ Saturn,SHORT,TAC,BEAR,TAC_EVENT,TAC_OFFICIAL,OFFICIAL_TAC,True,DISPLAY_TAC_OFFICIAL_REFERENCE,ORIGINAL_CANONICAL,HISTORICAL_CANONICAL,HISTORICAL_CANONICAL_DATASET,NORMAL_TAC_MASTER,,,2026-09-28T02:49:00+00:00
2026-07-19T04:10:00+00:00,2026-07-18T22:10:00-06:00,2026-07-18,22:10,BUY,Moon △ Jupiter,LONG,TAC,BULL,TAC_EVENT,TAC_OFFICIAL,OFFICIAL_TAC,True,DISPLAY_TAC_OFFICIAL_REFERENCE,ORIGINAL_CANONICAL,HISTORICAL_CANONICAL,HISTORICAL_CANONICAL_DATASET,NORMAL_TAC_MASTER,,,2026-09-28T02:49:00+00:00
2026-07-19T13:00:00+00:00,2026-07-19T07:00:00-06:00,2026-07-19,07:00,SELL,Moon ☍ Neptune,SHORT,TAC,BEAR,TAC_EVENT,TAC_OFFICIAL,OFFICIAL_TAC,True,DISPLAY_TAC_OFFICIAL_REFERENCE,ORIGINAL_CANONICAL,HISTORICAL_CANONICAL,HISTORICAL_CANONICAL_DATASET,NORMAL_TAC_MASTER,,,2026-09-28T02:49:00+00:00
2026-07-19T13:49:00+00:00,2026-07-19T07:49:00-06:00,2026-07-19,07:49,BUY,Moon △ Uranus,LONG,TAC,BULL,TAC_EVENT,TAC_OFFICIAL,OFFICIAL_TAC,True,DISPLAY_TAC_OFFICIAL_REFERENCE,ORIGINAL_CANONICAL,HISTORICAL_CANONICAL,HISTORICAL_CANONICAL_DATASET,NORMAL_TAC_MASTER,,,2026-09-28T02:49:00+00:00
2026-07-19T15:15:00+00:00,2026-07-19T09:15:00-06:00,2026-07-19,09:15,SELL,Moon ☍ Mars,SHORT,TAC,BEAR,TAC_EVENT,TAC_OFFICIAL,OFFICIAL_TAC,True,DISPLAY_TAC_OFFICIAL_REFERENCE,ORIGINAL_CANONICAL,HISTORICAL_CANONICAL,HISTORICAL_CANONICAL_DATASET,NORMAL_TAC_MASTER,,,2026-09-28T02:49:00+00:00
2026-07-20T07:26:00+00:00,2026-07-20T01:26:00-06:00,2026-07-20,01:26,BUY,Jupiter △ Neptune,LONG,TAC,BULL,TAC_EVENT,TAC_OFFICIAL,OFFICIAL_TAC,True,DISPLAY_TAC_OFFICIAL_REFERENCE,ORIGINAL_CANONICAL,HISTORICAL_CANONICAL,HISTORICAL_CANONICAL_DATASET,NORMAL_TAC_MASTER,,,2026-09-28T02:49:00+00:00
2026-07-20T08:18:00+00:00,2026-07-20T02:18:00-06:00,2026-07-20,02:18,SELL,Moon □ Saturn,SHORT,TAC,BEAR,TAC_EVENT,TAC_OFFICIAL,OFFICIAL_TAC,True,DISPLAY_TAC_OFFICIAL_REFERENCE,ORIGINAL_CANONICAL,HISTORICAL_CANONICAL,HISTORICAL_CANONICAL_DATASET,NORMAL_TAC_MASTER,,,2026-09-28T02:49:00+00:00
2026-07-20T15:30:00+00:00,2026-07-20T09:30:00-06:00,2026-07-20,09:30,SELL,Moon □ MC,SHORT,TAC,BEAR,TAC_EVENT,TAC_OFFICIAL,OFFICIAL_TAC,True,DISPLAY_TAC_OFFICIAL_REFERENCE,ORIGINAL_CANONICAL,HISTORICAL_CANONICAL,HISTORICAL_CANONICAL_DATASET,NORMAL_TAC_MASTER,,,2026-09-28T02:49:00+00:00
2026-07-20T23:09:00+00:00,2026-07-20T17:09:00-06:00,2026-07-20,17:09,BUY,Moon △ Neptune,LONG,TAC,BULL,TAC_EVENT,TAC_OFFICIAL,OFFICIAL_TAC,True,DISPLAY_TAC_OFFICIAL_REFERENCE,ORIGINAL_CANONICAL,HISTORICAL_CANONICAL,HISTORICAL_CANONICAL_DATASET,NORMAL_TAC_MASTER,,,2026-09-28T02:49:00+00:00
2026-07-21T22:12:00+00:00,2026-07-21T16:12:00-06:00,2026-07-21,16:12,SELL,Moon □ Pluto,SHORT,TAC,BEAR,TAC_EVENT,TAC_OFFICIAL,OFFICIAL_TAC,True,DISPLAY_TAC_OFFICIAL_REFERENCE,ORIGINAL_CANONICAL,HISTORICAL_CANONICAL,HISTORICAL_CANONICAL_DATASET,NORMAL_TAC_MASTER,,,2026-09-28T02:49:00+00:00
2026-07-21T22:51:00+00:00,2026-07-21T16:51:00-06:00,2026-07-21,16:51,SELL,Moon ☍ Jupiter,SHORT,TAC,BEAR,TAC_EVENT,TAC_OFFICIAL,OFFICIAL_TAC,True,DISPLAY_TAC_OFFICIAL_REFERENCE,ORIGINAL_CANONICAL,HISTORICAL_CANONICAL,HISTORICAL_CANONICAL_DATASET,NORMAL_TAC_MASTER,,,2026-09-28T02:49:00+00:00
2026-07-22T06:55:00+00:00,2026-07-22T00:55:00-06:00,2026-07-22,00:55,SELL,Moon ☍ ASC,SHORT,TAC,BEAR,TAC_EVENT,TAC_OFFICIAL,OFFICIAL_TAC,True,DISPLAY_TAC_OFFICIAL_REFERENCE,ORIGINAL_CANONICAL,HISTORICAL_CANONICAL,HISTORICAL_CANONICAL_DATASET,NORMAL_TAC_MASTER,,,2026-09-28T02:49:00+00:00
2026-07-22T21:50:00+00:00,2026-07-22T15:50:00-06:00,2026-07-22,15:50,BUY,Moon △ Mercury,LONG,TAC,BULL,TAC_EVENT,TAC_OFFICIAL,OFFICIAL_TAC,True,DISPLAY_TAC_OFFICIAL_REFERENCE,ORIGINAL_CANONICAL,HISTORICAL_CANONICAL,HISTORICAL_CANONICAL_DATASET,NORMAL_TAC_MASTER,,,2026-09-28T02:49:00+00:00
2026-07-23T03:43:00+00:00,2026-07-22T21:43:00-06:00,2026-07-22,21:43,BUY,Moon △ Uranus,LONG,TAC,BULL,TAC_EVENT,TAC_OFFICIAL,OFFICIAL_TAC,True,DISPLAY_TAC_OFFICIAL_REFERENCE,ORIGINAL_CANONICAL,HISTORICAL_CANONICAL,HISTORICAL_CANONICAL_DATASET,NORMAL_TAC_MASTER,,,2026-09-28T02:49:00+00:00
2026-07-23T10:07:00+00:00,2026-07-23T04:07:00-06:00,2026-07-23,04:07,SELL,Moon ☌ Neptune,SHORT,TAC,BEAR,TAC_EVENT,TAC_OFFICIAL,OFFICIAL_TAC,True,DISPLAY_TAC_OFFICIAL_REFERENCE,ORIGINAL_CANONICAL,HISTORICAL_CANONICAL,HISTORICAL_CANONICAL_DATASET,NORMAL_TAC_MASTER,,,2026-09-28T02:49:00+00:00
2026-07-24T01:39:00+00:00,2026-07-23T19:39:00-06:00,2026-07-23,19:39,SELL,Moon ☍ Venus,SHORT,TAC,BEAR,TAC_EVENT,TAC_OFFICIAL,OFFICIAL_TAC,True,DISPLAY_TAC_OFFICIAL_REFERENCE,ORIGINAL_CANONICAL,HISTORICAL_CANONICAL,HISTORICAL_CANONICAL_DATASET,NORMAL_TAC_MASTER,,,2026-09-28T02:49:00+00:00
2026-07-24T03:45:00+00:00,2026-07-23T21:45:00-06:00,2026-07-23,21:45,BUY,Moon △ Sun,LONG,TAC,BULL,TAC_EVENT,TAC_OFFICIAL,OFFICIAL_TAC,True,DISPLAY_TAC_OFFICIAL_REFERENCE,ORIGINAL_CANONICAL,HISTORICAL_CANONICAL,HISTORICAL_CANONICAL_DATASET,NORMAL_TAC_MASTER,,,2026-09-28T02:49:00+00:00
2026-07-24T09:53:00+00:00,2026-07-24T03:53:00-06:00,2026-07-24,03:53,BUY,Moon △ Neptune,LONG,TAC,BULL,TAC_EVENT,TAC_OFFICIAL,OFFICIAL_TAC,True,DISPLAY_TAC_OFFICIAL_REFERENCE,ORIGINAL_CANONICAL,HISTORICAL_CANONICAL,HISTORICAL_CANONICAL_DATASET,NORMAL_TAC_MASTER,,,2026-09-28T02:49:00+00:00
2026-07-24T11:50:00+00:00,2026-07-24T05:50:00-06:00,2026-07-24,05:50,BUY,Moon △ Jupiter,LONG,TAC,BULL,TAC_EVENT,TAC_OFFICIAL,OFFICIAL_TAC,True,DISPLAY_TAC_OFFICIAL_REFERENCE,ORIGINAL_CANONICAL,HISTORICAL_CANONICAL,HISTORICAL_CANONICAL_DATASET,NORMAL_TAC_MASTER,,,2026-09-28T02:49:00+00:00
2026-07-24T18:58:00+00:00,2026-07-24T12:58:00-06:00,2026-07-24,12:58,BUY,Moon ☍ ASC,LONG,TAC,BULL,TAC_EVENT,TAC_OFFICIAL,OFFICIAL_TAC,True,DISPLAY_TAC_OFFICIAL_REFERENCE,ORIGINAL_CANONICAL,HISTORICAL_CANONICAL,HISTORICAL_CANONICAL_DATASET,NORMAL_TAC_MASTER,,,2026-09-28T02:49:00+00:00
2026-07-25T06:55:00+00:00,2026-07-25T00:55:00-06:00,2026-07-25,00:55,BUY,Moon △ Saturn,LONG,TAC,BULL,TAC_EVENT,TAC_OFFICIAL,OFFICIAL_TAC,True,DISPLAY_TAC_OFFICIAL_REFERENCE,ORIGINAL_CANONICAL,HISTORICAL_CANONICAL,HISTORICAL_CANONICAL_DATASET,NORMAL_TAC_MASTER,,,2026-09-28T02:49:00+00:00
2026-07-25T11:55:00+00:00,2026-07-25T05:55:00-06:00,2026-07-25,05:55,SELL,Moon ☌ Venus,SHORT,TAC,BEAR,TAC_EVENT,TAC_OFFICIAL,OFFICIAL_TAC,True,DISPLAY_TAC_OFFICIAL_REFERENCE,ORIGINAL_CANONICAL,HISTORICAL_CANONICAL,HISTORICAL_CANONICAL_DATASET,NORMAL_TAC_MASTER,,,2026-09-28T02:49:00+00:00
2026-07-25T14:33:00+00:00,2026-07-25T08:33:00-06:00,2026-07-25,08:33,BUY,Moon △ MC,LONG,TAC,BULL,TAC_EVENT,TAC_OFFICIAL,OFFICIAL_TAC,True,DISPLAY_TAC_OFFICIAL_REFERENCE,ORIGINAL_CANONICAL,HISTORICAL_CANONICAL,HISTORICAL_CANONICAL_DATASET,NORMAL_TAC_MASTER,,,2026-09-28T02:49:00+00:00
2026-07-25T15:00:00+00:00,2026-07-25T09:00:00-06:00,2026-07-25,09:00,SELL,Moon ☌ Mars,SHORT,TAC,BEAR,TAC_EVENT,TAC_OFFICIAL,OFFICIAL_TAC,True,DISPLAY_TAC_OFFICIAL_REFERENCE,ORIGINAL_CANONICAL,HISTORICAL_CANONICAL,HISTORICAL_CANONICAL_DATASET,NORMAL_TAC_MASTER,,,2026-09-28T02:49:00+00:00
2026-07-26T16:29:00+00:00,2026-07-26T10:29:00-06:00,2026-07-26,10:29,SELL,Moon □ Pluto,SHORT,TAC,BEAR,TAC_EVENT,TAC_OFFICIAL,OFFICIAL_TAC,True,DISPLAY_TAC_OFFICIAL_REFERENCE,ORIGINAL_CANONICAL,HISTORICAL_CANONICAL,HISTORICAL_CANONICAL_DATASET,NORMAL_TAC_MASTER,,,2026-09-28T02:49:00+00:00
2026-07-27T01:03:00+00:00,2026-07-26T19:03:00-06:00,2026-07-26,19:03,SELL,Moon □ Mars,SHORT,TAC,BEAR,TAC_EVENT,TAC_OFFICIAL,OFFICIAL_TAC,True,DISPLAY_TAC_OFFICIAL_REFERENCE,ORIGINAL_CANONICAL,HISTORICAL_CANONICAL,HISTORICAL_CANONICAL_DATASET,NORMAL_TAC_MASTER,,,2026-09-28T02:49:00+00:00
2026-07-27T16:57:00+00:00,2026-07-27T10:57:00-06:00,2026-07-27,10:57,SELL,Moon □ Sun,SHORT,TAC,BEAR,TAC_EVENT,TAC_OFFICIAL,OFFICIAL_TAC,True,DISPLAY_TAC_OFFICIAL_REFERENCE,ORIGINAL_CANONICAL,HISTORICAL_CANONICAL,HISTORICAL_CANONICAL_DATASET,NORMAL_TAC_MASTER,,,2026-09-28T02:49:00+00:00
2026-07-28T00:09:00+00:00,2026-07-27T18:09:00-06:00,2026-07-27,18:09,SELL,Moon ☍ Mercury,SHORT,TAC,BEAR,TAC_EVENT,TAC_OFFICIAL,OFFICIAL_TAC,True,DISPLAY_TAC_OFFICIAL_REFERENCE,ORIGINAL_CANONICAL,HISTORICAL_CANONICAL,HISTORICAL_CANONICAL_DATASET,NORMAL_TAC_MASTER,,,2026-09-28T02:49:00+00:00
2026-07-28T06:12:00+00:00,2026-07-28T00:12:00-06:00,2026-07-28,00:12,BUY,Moon △ Venus,LONG,TAC,BULL,TAC_EVENT,TAC_OFFICIAL,OFFICIAL_TAC,True,DISPLAY_TAC_OFFICIAL_REFERENCE,ORIGINAL_CANONICAL,HISTORICAL_CANONICAL,HISTORICAL_CANONICAL_DATASET,NORMAL_TAC_MASTER,,,2026-09-28T02:49:00+00:00
2026-07-28T09:25:00+00:00,2026-07-28T03:25:00-06:00,2026-07-28,03:25,BUY,Moon △ Saturn,LONG,TAC,BULL,TAC_EVENT,TAC_OFFICIAL,OFFICIAL_TAC,True,DISPLAY_TAC_OFFICIAL_REFERENCE,ORIGINAL_CANONICAL,HISTORICAL_CANONICAL,HISTORICAL_CANONICAL_DATASET,NORMAL_TAC_MASTER,,,2026-09-28T02:49:00+00:00
2026-07-29T00:55:00+00:00,2026-07-28T18:55:00-06:00,2026-07-28,18:55,BUY,Moon △ Jupiter,LONG,TAC,BULL,TAC_EVENT,TAC_OFFICIAL,OFFICIAL_TAC,True,DISPLAY_TAC_OFFICIAL_REFERENCE,ORIGINAL_CANONICAL,HISTORICAL_CANONICAL,HISTORICAL_CANONICAL_DATASET,NORMAL_TAC_MASTER,,,2026-09-28T02:49:00+00:00
2026-07-30T15:17:00+00:00,2026-07-30T09:17:00-06:00,2026-07-30,09:17,SELL,Mercury □ MC,SHORT,TAC,BEAR,TAC_EVENT,TAC_OFFICIAL,OFFICIAL_TAC,True,DISPLAY_TAC_OFFICIAL_REFERENCE,ORIGINAL_CANONICAL,HISTORICAL_CANONICAL,HISTORICAL_CANONICAL_DATASET,NORMAL_TAC_MASTER,,,2026-09-28T02:49:00+00:00
2026-07-30T21:27:00+00:00,2026-07-30T15:27:00-06:00,2026-07-30,15:27,BUY,Moon △ Mars,LONG,TAC,BULL,TAC_EVENT,TAC_OFFICIAL,OFFICIAL_TAC,True,DISPLAY_TAC_OFFICIAL_REFERENCE,ORIGINAL_CANONICAL,HISTORICAL_CANONICAL,HISTORICAL_CANONICAL_DATASET,NORMAL_TAC_MASTER,,,2026-09-28T02:49:00+00:00
2026-07-30T21:58:00+00:00,2026-07-30T15:58:00-06:00,2026-07-30,15:58,SELL,Moon ☌ Neptune,SHORT,TAC,BEAR,TAC_EVENT,TAC_OFFICIAL,OFFICIAL_TAC,True,DISPLAY_TAC_OFFICIAL_REFERENCE,ORIGINAL_CANONICAL,HISTORICAL_CANONICAL,HISTORICAL_CANONICAL_DATASET,NORMAL_TAC_MASTER,,,2026-09-28T02:49:00+00:00
2026-07-31T12:44:00+00:00,2026-07-31T06:44:00-06:00,2026-07-31,06:44,BUY,Moon ☌ Venus,LONG,TAC,BULL,TAC_EVENT,TAC_OFFICIAL,OFFICIAL_TAC,True,DISPLAY_TAC_OFFICIAL_REFERENCE,ORIGINAL_CANONICAL,HISTORICAL_CANONICAL,HISTORICAL_CANONICAL_DATASET,NORMAL_TAC_MASTER,,,2026-09-28T02:49:00+00:00
2026-08-02T00:48:00+00:00,2026-08-01T18:48:00-06:00,2026-08-01,18:48,BUY,Moon △ Uranus,LONG,TAC,BULL,TAC_EVENT,TAC_OFFICIAL,OFFICIAL_TAC,True,DISPLAY_TAC_OFFICIAL_REFERENCE,ORIGINAL_CANONICAL,HISTORICAL_CANONICAL,HISTORICAL_CANONICAL_DATASET,NORMAL_TAC_MASTER,,,2026-09-28T02:49:00+00:00
2026-08-02T02:59:00+00:00,2026-08-01T20:59:00-06:00,2026-08-01,20:59,BUY,Moon △ Mercury,LONG,TAC,BULL,TAC_EVENT,TAC_OFFICIAL,OFFICIAL_TAC,True,DISPLAY_TAC_OFFICIAL_REFERENCE,ORIGINAL_CANONICAL,HISTORICAL_CANONICAL,HISTORICAL_CANONICAL_DATASET,NORMAL_TAC_MASTER,,,2026-09-28T02:49:00+00:00
2026-08-02T05:22:00+00:00,2026-08-01T23:22:00-06:00,2026-08-01,23:22,SELL,Moon □ Saturn,SHORT,TAC,BEAR,TAC_EVENT,TAC_OFFICIAL,OFFICIAL_TAC,True,DISPLAY_TAC_OFFICIAL_REFERENCE,ORIGINAL_CANONICAL,HISTORICAL_CANONICAL,HISTORICAL_CANONICAL_DATASET,NORMAL_TAC_MASTER,,,2026-09-28T02:49:00+00:00
2026-08-02T09:33:00+00:00,2026-08-02T03:33:00-06:00,2026-08-02,03:33,SELL,Moon □ Mars,SHORT,TAC,BEAR,TAC_EVENT,TAC_OFFICIAL,OFFICIAL_TAC,True,DISPLAY_TAC_OFFICIAL_REFERENCE,ORIGINAL_CANONICAL,HISTORICAL_CANONICAL,HISTORICAL_CANONICAL_DATASET,NORMAL_TAC_MASTER,,,2026-09-28T02:49:00+00:00
2026-08-02T12:34:00+00:00,2026-08-02T06:34:00-06:00,2026-08-02,06:34,SELL,Moon ☌ Venus,SHORT,TAC,BEAR,TAC_EVENT,TAC_OFFICIAL,OFFICIAL_TAC,True,DISPLAY_TAC_OFFICIAL_REFERENCE,ORIGINAL_CANONICAL,HISTORICAL_CANONICAL,HISTORICAL_CANONICAL_DATASET,NORMAL_TAC_MASTER,,,2026-09-28T02:49:00+00:00
2026-08-02T23:07:00+00:00,2026-08-02T17:07:00-06:00,2026-08-02,17:07,SELL,Moon ☌ Neptune,SHORT,TAC,BEAR,TAC_EVENT,TAC_OFFICIAL,OFFICIAL_TAC,True,DISPLAY_TAC_OFFICIAL_REFERENCE,ORIGINAL_CANONICAL,HISTORICAL_CANONICAL,HISTORICAL_CANONICAL_DATASET,NORMAL_TAC_MASTER,,,2026-09-28T02:49:00+00:00
2026-08-03T10:21:00+00:00,2026-08-03T04:21:00-06:00,2026-08-03,04:21,BUY,Moon △ Jupiter,LONG,TAC,BULL,TAC_EVENT,TAC_OFFICIAL,OFFICIAL_TAC,True,DISPLAY_TAC_OFFICIAL_REFERENCE,ORIGINAL_CANONICAL,HISTORICAL_CANONICAL,HISTORICAL_CANONICAL_DATASET,NORMAL_TAC_MASTER,,,2026-09-28T02:49:00+00:00
2026-08-03T12:47:00+00:00,2026-08-03T06:47:00-06:00,2026-08-03,06:47,BUY,Moon △ ASC,LONG,TAC,BULL,TAC_EVENT,TAC_OFFICIAL,OFFICIAL_TAC,True,DISPLAY_TAC_OFFICIAL_REFERENCE,ORIGINAL_CANONICAL,HISTORICAL_CANONICAL,HISTORICAL_CANONICAL_DATASET,NORMAL_TAC_MASTER,,,2026-09-28T02:49:00+00:00
2026-08-03T17:25:00+00:00,2026-08-03T11:25:00-06:00,2026-08-03,11:25,BUY,Moon △ Sun,LONG,TAC,BULL,TAC_EVENT,TAC_OFFICIAL,OFFICIAL_TAC,True,DISPLAY_TAC_OFFICIAL_REFERENCE,ORIGINAL_CANONICAL,HISTORICAL_CANONICAL,HISTORICAL_CANONICAL_DATASET,NORMAL_TAC_MASTER,,,2026-09-28T02:49:00+00:00
2026-08-03T23:22:00+00:00,2026-08-03T17:22:00-06:00,2026-08-03,17:22,SELL,Moon □ Saturn,SHORT,TAC,BEAR,TAC_EVENT,TAC_OFFICIAL,OFFICIAL_TAC,True,DISPLAY_TAC_OFFICIAL_REFERENCE,ORIGINAL_CANONICAL,HISTORICAL_CANONICAL,HISTORICAL_CANONICAL_DATASET,NORMAL_TAC_MASTER,,,2026-09-28T02:49:00+00:00
2026-08-04T02:53:00+00:00,2026-08-03T20:53:00-06:00,2026-08-03,20:53,SELL,Moon □ Mars,SHORT,TAC,BEAR,TAC_EVENT,TAC_OFFICIAL,OFFICIAL_TAC,True,DISPLAY_TAC_OFFICIAL_REFERENCE,ORIGINAL_CANONICAL,HISTORICAL_CANONICAL,HISTORICAL_CANONICAL_DATASET,NORMAL_TAC_MASTER,,,2026-09-28T02:49:00+00:00
2026-08-04T06:14:00+00:00,2026-08-04T00:14:00-06:00,2026-08-04,00:14,SELL,Moon □ MC,SHORT,TAC,BEAR,TAC_EVENT,TAC_OFFICIAL,OFFICIAL_TAC,True,DISPLAY_TAC_OFFICIAL_REFERENCE,ORIGINAL_CANONICAL,HISTORICAL_CANONICAL,HISTORICAL_CANONICAL_DATASET,NORMAL_TAC_MASTER,,,2026-09-28T02:49:00+00:00
2026-08-04T14:17:00+00:00,2026-08-04T08:17:00-06:00,2026-08-04,08:17,SELL,Moon ☍ Mercury,SHORT,TAC,BEAR,TAC_EVENT,TAC_OFFICIAL,OFFICIAL_TAC,True,DISPLAY_TAC_OFFICIAL_REFERENCE,ORIGINAL_CANONICAL,HISTORICAL_CANONICAL,HISTORICAL_CANONICAL_DATASET,NORMAL_TAC_MASTER,,,2026-09-28T02:49:00+00:00
2026-08-05T01:50:00+00:00,2026-08-04T19:50:00-06:00,2026-08-04,19:50,SELL,Moon ☌ Jupiter,SHORT,TAC,BEAR,TAC_EVENT,TAC_OFFICIAL,OFFICIAL_TAC,True,DISPLAY_TAC_OFFICIAL_REFERENCE,ORIGINAL_CANONICAL,HISTORICAL_CANONICAL,HISTORICAL_CANONICAL_DATASET,NORMAL_TAC_MASTER,,,2026-09-28T02:49:00+00:00
2026-08-05T04:59:00+00:00,2026-08-04T22:59:00-06:00,2026-08-04,22:59,BUY,Moon △ Pluto,LONG,TAC,BULL,TAC_EVENT,TAC_OFFICIAL,OFFICIAL_TAC,True,DISPLAY_TAC_OFFICIAL_REFERENCE,ORIGINAL_CANONICAL,HISTORICAL_CANONICAL,HISTORICAL_CANONICAL_DATASET,NORMAL_TAC_MASTER,,,2026-09-28T02:49:00+00:00
2026-08-05T12:24:00+00:00,2026-08-05T06:24:00-06:00,2026-08-05,06:24,BUY,Moon △ Mars,LONG,TAC,BULL,TAC_EVENT,TAC_OFFICIAL,OFFICIAL_TAC,True,DISPLAY_TAC_OFFICIAL_REFERENCE,ORIGINAL_CANONICAL,HISTORICAL_CANONICAL,HISTORICAL_CANONICAL_DATASET,NORMAL_TAC_MASTER,,,2026-09-28T02:49:00+00:00
2026-08-05T14:06:00+00:00,2026-08-05T08:06:00-06:00,2026-08-05,08:06,BUY,Moon △ Sun,LONG,TAC,BULL,TAC_EVENT,TAC_OFFICIAL,OFFICIAL_TAC,True,DISPLAY_TAC_OFFICIAL_REFERENCE,ORIGINAL_CANONICAL,HISTORICAL_CANONICAL,HISTORICAL_CANONICAL_DATASET,NORMAL_TAC_MASTER,,,2026-09-28T02:49:00+00:00
2026-08-05T21:44:00+00:00,2026-08-05T15:44:00-06:00,2026-08-05,15:44,SELL,Moon □ Pluto,SHORT,TAC,BEAR,TAC_EVENT,TAC_OFFICIAL,OFFICIAL_TAC,True,DISPLAY_TAC_OFFICIAL_REFERENCE,ORIGINAL_CANONICAL,HISTORICAL_CANONICAL,HISTORICAL_CANONICAL_DATASET,NORMAL_TAC_MASTER,,,2026-09-28T02:49:00+00:00
2026-08-06T16:12:00+00:00,2026-08-06T10:12:00-06:00,2026-08-06,10:12,BUY,Moon △ Saturn,LONG,TAC,BULL,TAC_EVENT,TAC_OFFICIAL,OFFICIAL_TAC,True,DISPLAY_TAC_OFFICIAL_REFERENCE,ORIGINAL_CANONICAL,HISTORICAL_CANONICAL,HISTORICAL_CANONICAL_DATASET,NORMAL_TAC_MASTER,,,2026-09-28T02:49:00+00:00
2026-08-07T05:24:00+00:00,2026-08-06T23:24:00-06:00,2026-08-06,23:24,BUY,Moon △ Jupiter,LONG,TAC,BULL,TAC_EVENT,TAC_OFFICIAL,OFFICIAL_TAC,True,DISPLAY_TAC_OFFICIAL_REFERENCE,ORIGINAL_CANONICAL,HISTORICAL_CANONICAL,HISTORICAL_CANONICAL_DATASET,NORMAL_TAC_MASTER,,,2026-09-28T02:49:00+00:00
2026-08-07T10:50:00+00:00,2026-08-07T04:50:00-06:00,2026-08-07,04:50,BUY,Moon △ Mercury,LONG,TAC,BULL,TAC_EVENT,TAC_OFFICIAL,OFFICIAL_TAC,True,DISPLAY_TAC_OFFICIAL_REFERENCE,ORIGINAL_CANONICAL,HISTORICAL_CANONICAL,HISTORICAL_CANONICAL_DATASET,NORMAL_TAC_MASTER,,,2026-09-28T02:49:00+00:00
2026-08-07T12:53:00+00:00,2026-08-07T06:53:00-06:00,2026-08-07,06:53,BUY,Moon △ Pluto,LONG,TAC,BULL,TAC_EVENT,TAC_OFFICIAL,OFFICIAL_TAC,True,DISPLAY_TAC_OFFICIAL_REFERENCE,ORIGINAL_CANONICAL,HISTORICAL_CANONICAL,HISTORICAL_CANONICAL_DATASET,NORMAL_TAC_MASTER,,,2026-09-28T02:49:00+00:00
2026-08-08T14:16:00+00:00,2026-08-08T08:16:00-06:00,2026-08-08,08:16,SELL,Moon ☌ Uranus,SHORT,TAC,BEAR,TAC_EVENT,TAC_OFFICIAL,OFFICIAL_TAC,True,DISPLAY_TAC_OFFICIAL_REFERENCE,ORIGINAL_CANONICAL,HISTORICAL_CANONICAL,HISTORICAL_CANONICAL_DATASET,NORMAL_TAC_MASTER,,,2026-09-28T02:49:00+00:00
2026-08-08T18:17:00+00:00,2026-08-08T12:17:00-06:00,2026-08-08,12:17,SELL,Moon □ Saturn,SHORT,TAC,BEAR,TAC_EVENT,TAC_OFFICIAL,OFFICIAL_TAC,True,DISPLAY_TAC_OFFICIAL_REFERENCE,ORIGINAL_CANONICAL,HISTORICAL_CANONICAL,HISTORICAL_CANONICAL_DATASET,NORMAL_TAC_MASTER,,,2026-09-28T02:49:00+00:00
2026-08-09T08:12:00+00:00,2026-08-09T02:12:00-06:00,2026-08-09,02:12,BUY,Moon △ Venus,LONG,TAC,BULL,TAC_EVENT,TAC_OFFICIAL,OFFICIAL_TAC,True,DISPLAY_TAC_OFFICIAL_REFERENCE,ORIGINAL_CANONICAL,HISTORICAL_CANONICAL,HISTORICAL_CANONICAL_DATASET,NORMAL_TAC_MASTER,,,2026-09-28T02:49:00+00:00
2026-08-10T15:15:00+00:00,2026-08-10T09:15:00-06:00,2026-08-10,09:15,BUY,Moon △ Uranus,LONG,TAC,BULL,TAC_EVENT,TAC_OFFICIAL,OFFICIAL_TAC,True,DISPLAY_TAC_OFFICIAL_REFERENCE,ORIGINAL_CANONICAL,HISTORICAL_CANONICAL,HISTORICAL_CANONICAL_DATASET,NORMAL_TAC_MASTER,,,2026-09-28T02:49:00+00:00
2026-08-10T15:48:00+00:00,2026-08-10T09:48:00-06:00,2026-08-10,09:48,SELL,Moon ☌ Sun,SHORT,TAC,BEAR,TAC_EVENT,TAC_OFFICIAL,OFFICIAL_TAC,True,DISPLAY_TAC_OFFICIAL_REFERENCE,ORIGINAL_CANONICAL,HISTORICAL_CANONICAL,HISTORICAL_CANONICAL_DATASET,NORMAL_TAC_MASTER,,,2026-09-28T02:49:00+00:00
2026-08-11T13:13:00+00:00,2026-08-11T07:13:00-06:00,2026-08-11,07:13,SELL,Moon ☍ Mercury,SHORT,TAC,BEAR,TAC_EVENT,TAC_OFFICIAL,OFFICIAL_TAC,True,DISPLAY_TAC_OFFICIAL_REFERENCE,ORIGINAL_CANONICAL,HISTORICAL_CANONICAL,HISTORICAL_CANONICAL_DATASET,NORMAL_TAC_MASTER,,,2026-09-28T02:49:00+00:00
2026-08-11T13:17:00+00:00,2026-08-11T07:17:00-06:00,2026-08-11,07:17,SELL,Mercury ☌ Pluto,SHORT,TAC,BEAR,TAC_EVENT,TAC_OFFICIAL,OFFICIAL_TAC,True,DISPLAY_TAC_OFFICIAL_REFERENCE,ORIGINAL_CANONICAL,HISTORICAL_CANONICAL,HISTORICAL_CANONICAL_DATASET,NORMAL_TAC_MASTER,,,2026-09-28T02:49:00+00:00
2026-08-11T15:21:00+00:00,2026-08-11T09:21:00-06:00,2026-08-11,09:21,BUY,Moon △ Neptune,LONG,TAC,BULL,TAC_EVENT,TAC_OFFICIAL,OFFICIAL_TAC,True,DISPLAY_TAC_OFFICIAL_REFERENCE,ORIGINAL_CANONICAL,HISTORICAL_CANONICAL,HISTORICAL_CANONICAL_DATASET,NORMAL_TAC_MASTER,,,2026-09-28T02:49:00+00:00
2026-08-12T08:29:00+00:00,2026-08-12T02:29:00-06:00,2026-08-12,02:29,BUY,Moon △ Saturn,LONG,TAC,BULL,TAC_EVENT,TAC_OFFICIAL,OFFICIAL_TAC,True,DISPLAY_TAC_OFFICIAL_REFERENCE,ORIGINAL_CANONICAL,HISTORICAL_CANONICAL,HISTORICAL_CANONICAL_DATASET,NORMAL_TAC_MASTER,,,2026-09-28T02:49:00+00:00
2026-08-12T15:07:00+00:00,2026-08-12T09:07:00-06:00,2026-08-12,09:07,BUY,Moon △ MC,LONG,TAC,BULL,TAC_EVENT,TAC_OFFICIAL,OFFICIAL_TAC,True,DISPLAY_TAC_OFFICIAL_REFERENCE,ORIGINAL_CANONICAL,HISTORICAL_CANONICAL,HISTORICAL_CANONICAL_DATASET,NORMAL_TAC_MASTER,,,2026-09-28T02:49:00+00:00
2026-08-12T21:46:00+00:00,2026-08-12T15:46:00-06:00,2026-08-12,15:46,SELL,Moon ☌ Neptune,SHORT,TAC,BEAR,TAC_EVENT,TAC_OFFICIAL,OFFICIAL_TAC,True,DISPLAY_TAC_OFFICIAL_REFERENCE,ORIGINAL_CANONICAL,HISTORICAL_CANONICAL,HISTORICAL_CANONICAL_DATASET,NORMAL_TAC_MASTER,,,2026-09-28T02:49:00+00:00
2026-08-13T10:45:00+00:00,2026-08-13T04:45:00-06:00,2026-08-13,04:45,SELL,Moon ☌ Venus,SHORT,TAC,BEAR,TAC_EVENT,TAC_OFFICIAL,OFFICIAL_TAC,True,DISPLAY_TAC_OFFICIAL_REFERENCE,ORIGINAL_CANONICAL,HISTORICAL_CANONICAL,HISTORICAL_CANONICAL_DATASET,NORMAL_TAC_MASTER,,,2026-09-28T02:49:00+00:00
2026-08-13T19:29:00+00:00,2026-08-13T13:29:00-06:00,2026-08-13,13:29,SELL,Moon ☌ Uranus,SHORT,TAC,BEAR,TAC_EVENT,TAC_OFFICIAL,OFFICIAL_TAC,True,DISPLAY_TAC_OFFICIAL_REFERENCE,ORIGINAL_CANONICAL,HISTORICAL_CANONICAL,HISTORICAL_CANONICAL_DATASET,NORMAL_TAC_MASTER,,,2026-09-28T02:49:00+00:00
2026-08-14T19:28:00+00:00,2026-08-14T13:28:00-06:00,2026-08-14,13:28,SELL,Moon ☌ Uranus,SHORT,TAC,BEAR,TAC_EVENT,TAC_OFFICIAL,OFFICIAL_TAC,True,DISPLAY_TAC_OFFICIAL_REFERENCE,ORIGINAL_CANONICAL,HISTORICAL_CANONICAL,HISTORICAL_CANONICAL_DATASET,NORMAL_TAC_MASTER,,,2026-09-28T02:49:00+00:00
2026-08-14T23:45:00+00:00,2026-08-14T17:45:00-06:00,2026-08-14,17:45,SELL,Moon □ Saturn,SHORT,TAC,BEAR,TAC_EVENT,TAC_OFFICIAL,OFFICIAL_TAC,True,DISPLAY_TAC_OFFICIAL_REFERENCE,ORIGINAL_CANONICAL,HISTORICAL_CANONICAL,HISTORICAL_CANONICAL_DATASET,NORMAL_TAC_MASTER,,,2026-09-28T02:49:00+00:00
2026-08-15T11:24:00+00:00,2026-08-15T05:24:00-06:00,2026-08-15,05:24,BUY,Mercury △ Jupiter,LONG,TAC,BULL,TAC_EVENT,TAC_OFFICIAL,OFFICIAL_TAC,True,DISPLAY_TAC_OFFICIAL_REFERENCE,ORIGINAL_CANONICAL,HISTORICAL_CANONICAL,HISTORICAL_CANONICAL_DATASET,NORMAL_TAC_MASTER,,,2026-09-28T02:49:00+00:00
2026-08-15T19:22:00+00:00,2026-08-15T13:22:00-06:00,2026-08-15,13:22,BUY,Moon △ Mercury,LONG,TAC,BULL,TAC_EVENT,TAC_OFFICIAL,OFFICIAL_TAC,True,DISPLAY_TAC_OFFICIAL_REFERENCE,ORIGINAL_CANONICAL,HISTORICAL_CANONICAL,HISTORICAL_CANONICAL_DATASET,NORMAL_TAC_MASTER,,,2026-09-28T02:49:00+00:00
2026-08-16T00:06:00+00:00,2026-08-15T18:06:00-06:00,2026-08-15,18:06,BUY,Moon △ Uranus,LONG,TAC,BULL,TAC_EVENT,TAC_OFFICIAL,OFFICIAL_TAC,True,DISPLAY_TAC_OFFICIAL_REFERENCE,ORIGINAL_CANONICAL,HISTORICAL_CANONICAL,HISTORICAL_CANONICAL_DATASET,NORMAL_TAC_MASTER,,,2026-09-28T02:49:00+00:00
2026-08-16T07:12:00+00:00,2026-08-16T01:12:00-06:00,2026-08-16,01:12,BUY,Moon ☌ Venus,LONG,TAC,BULL,TAC_EVENT,TAC_OFFICIAL,OFFICIAL_TAC,True,DISPLAY_TAC_OFFICIAL_REFERENCE,ORIGINAL_CANONICAL,HISTORICAL_CANONICAL,HISTORICAL_CANONICAL_DATASET,NORMAL_TAC_MASTER,,,2026-09-28T02:49:00+00:00
2026-08-16T14:53:00+00:00,2026-08-16T08:53:00-06:00,2026-08-16,08:53,SELL,Moon ☌ Sun,SHORT,TAC,BEAR,TAC_EVENT,TAC_OFFICIAL,OFFICIAL_TAC,True,DISPLAY_TAC_OFFICIAL_REFERENCE,ORIGINAL_CANONICAL,HISTORICAL_CANONICAL,HISTORICAL_CANONICAL_DATASET,NORMAL_TAC_MASTER,,,2026-09-28T02:49:00+00:00
2026-08-16T16:29:00+00:00,2026-08-16T10:29:00-06:00,2026-08-16,10:29,SELL,Moon □ Saturn,SHORT,TAC,BEAR,TAC_EVENT,TAC_OFFICIAL,OFFICIAL_TAC,True,DISPLAY_TAC_OFFICIAL_REFERENCE,ORIGINAL_CANONICAL,HISTORICAL_CANONICAL,HISTORICAL_CANONICAL_DATASET,NORMAL_TAC_MASTER,,,2026-09-28T02:49:00+00:00
2026-08-17T00:09:00+00:00,2026-08-16T18:09:00-06:00,2026-08-16,18:09,SELL,Moon ☌ MC,SHORT,TAC,BEAR,TAC_EVENT,TAC_OFFICIAL,OFFICIAL_TAC,True,DISPLAY_TAC_OFFICIAL_REFERENCE,ORIGINAL_CANONICAL,HISTORICAL_CANONICAL,HISTORICAL_CANONICAL_DATASET,NORMAL_TAC_MASTER,,,2026-09-28T02:49:00+00:00
2026-08-17T07:37:00+00:00,2026-08-17T01:37:00-06:00,2026-08-17,01:37,BUY,Moon △ Neptune,LONG,TAC,BULL,TAC_EVENT,TAC_OFFICIAL,OFFICIAL_TAC,True,DISPLAY_TAC_OFFICIAL_REFERENCE,ORIGINAL_CANONICAL,HISTORICAL_CANONICAL,HISTORICAL_CANONICAL_DATASET,NORMAL_TAC_MASTER,,,2026-09-28T02:49:00+00:00
2026-08-18T03:08:00+00:00,2026-08-17T21:08:00-06:00,2026-08-17,21:08,SELL,Moon ☍ Mercury,SHORT,TAC,BEAR,TAC_EVENT,TAC_OFFICIAL,OFFICIAL_TAC,True,DISPLAY_TAC_OFFICIAL_REFERENCE,ORIGINAL_CANONICAL,HISTORICAL_CANONICAL,HISTORICAL_CANONICAL_DATASET,NORMAL_TAC_MASTER,,,2026-09-28T02:49:00+00:00
2026-08-18T05:02:00+00:00,2026-08-17T23:02:00-06:00,2026-08-17,23:02,SELL,Moon ☌ Pluto,SHORT,TAC,BEAR,TAC_EVENT,TAC_OFFICIAL,OFFICIAL_TAC,True,DISPLAY_TAC_OFFICIAL_REFERENCE,ORIGINAL_CANONICAL,HISTORICAL_CANONICAL,HISTORICAL_CANONICAL_DATASET,NORMAL_TAC_MASTER,,,2026-09-28T02:49:00+00:00
2026-08-18T06:15:00+00:00,2026-08-18T00:15:00-06:00,2026-08-18,00:15,SELL,Mars ☌ natal Moon,SHORT,TAC,BEAR,TAC_EVENT,TAC_OFFICIAL,OFFICIAL_TAC,True,DISPLAY_TAC_OFFICIAL_REFERENCE,ORIGINAL_CANONICAL,HISTORICAL_CANONICAL,HISTORICAL_CANONICAL_DATASET,NORMAL_TAC_MASTER,,,2026-09-28T02:49:00+00:00
2026-08-18T14:40:00+00:00,2026-08-18T08:40:00-06:00,2026-08-18,08:40,SELL,Moon ☌ ASC,SHORT,TAC,BEAR,TAC_EVENT,TAC_OFFICIAL,OFFICIAL_TAC,True,DISPLAY_TAC_OFFICIAL_REFERENCE,ORIGINAL_CANONICAL,HISTORICAL_CANONICAL,HISTORICAL_CANONICAL_DATASET,NORMAL_TAC_MASTER,,,2026-09-28T02:49:00+00:00
2026-08-18T18:45:00+00:00,2026-08-18T12:45:00-06:00,2026-08-18,12:45,SELL,Moon ☌ Jupiter,SHORT,TAC,BEAR,TAC_EVENT,TAC_OFFICIAL,OFFICIAL_TAC,True,DISPLAY_TAC_OFFICIAL_REFERENCE,ORIGINAL_CANONICAL,HISTORICAL_CANONICAL,HISTORICAL_CANONICAL_DATASET,NORMAL_TAC_MASTER,,,2026-09-28T02:49:00+00:00
2026-08-19T08:07:00+00:00,2026-08-19T02:07:00-06:00,2026-08-19,02:07,SELL,Moon ☍ Mercury,SHORT,TAC,BEAR,TAC_EVENT,TAC_OFFICIAL,OFFICIAL_TAC,True,DISPLAY_TAC_OFFICIAL_REFERENCE,ORIGINAL_CANONICAL,HISTORICAL_CANONICAL,HISTORICAL_CANONICAL_DATASET,NORMAL_TAC_MASTER,,,2026-09-28T02:49:00+00:00
2026-08-19T17:37:00+00:00,2026-08-19T11:37:00-06:00,2026-08-19,11:37,SELL,Moon ☌ Neptune,SHORT,TAC,BEAR,TAC_EVENT,TAC_OFFICIAL,OFFICIAL_TAC,True,DISPLAY_TAC_OFFICIAL_REFERENCE,ORIGINAL_CANONICAL,HISTORICAL_CANONICAL,HISTORICAL_CANONICAL_DATASET,NORMAL_TAC_MASTER,,,2026-09-28T02:49:00+00:00
2026-08-19T17:51:00+00:00,2026-08-19T11:51:00-06:00,2026-08-19,11:51,BUY,Mercury △ MC,LONG,TAC,BULL,TAC_EVENT,TAC_OFFICIAL,OFFICIAL_TAC,True,DISPLAY_TAC_OFFICIAL_REFERENCE,ORIGINAL_CANONICAL,HISTORICAL_CANONICAL,HISTORICAL_CANONICAL_DATASET,NORMAL_TAC_MASTER,,,2026-09-28T02:49:00+00:00
2026-08-20T16:22:00+00:00,2026-08-20T10:22:00-06:00,2026-08-20,10:22,BUY,Moon △ Neptune,LONG,TAC,BULL,TAC_EVENT,TAC_OFFICIAL,OFFICIAL_TAC,True,DISPLAY_TAC_OFFICIAL_REFERENCE,ORIGINAL_CANONICAL,HISTORICAL_CANONICAL,HISTORICAL_CANONICAL_DATASET,NORMAL_TAC_MASTER,,,2026-09-28T02:49:00+00:00
2026-08-20T17:37:00+00:00,2026-08-20T11:37:00-06:00,2026-08-20,11:37,BUY,Moon △ natal Moon,LONG,TAC,BULL,TAC_EVENT,TAC_OFFICIAL,OFFICIAL_TAC,True,DISPLAY_TAC_OFFICIAL_REFERENCE,ORIGINAL_CANONICAL,HISTORICAL_CANONICAL,HISTORICAL_CANONICAL_DATASET,NORMAL_TAC_MASTER,,,2026-09-28T02:49:00+00:00
2026-08-20T19:33:00+00:00,2026-08-20T13:33:00-06:00,2026-08-20,13:33,SELL,Moon ☌ Uranus,SHORT,TAC,BEAR,TAC_EVENT,TAC_OFFICIAL,OFFICIAL_TAC,True,DISPLAY_TAC_OFFICIAL_REFERENCE,ORIGINAL_CANONICAL,HISTORICAL_CANONICAL,HISTORICAL_CANONICAL_DATASET,NORMAL_TAC_MASTER,,,2026-09-28T02:49:00+00:00
2026-08-21T02:15:00+00:00,2026-08-20T20:15:00-06:00,2026-08-20,20:15,BUY,Moon △ ASC,LONG,TAC,BULL,TAC_EVENT,TAC_OFFICIAL,OFFICIAL_TAC,True,DISPLAY_TAC_OFFICIAL_REFERENCE,ORIGINAL_CANONICAL,HISTORICAL_CANONICAL,HISTORICAL_CANONICAL_DATASET,NORMAL_TAC_MASTER,,,2026-09-28T02:49:00+00:00
2026-08-21T07:27:00+00:00,2026-08-21T01:27:00-06:00,2026-08-21,01:27,BUY,Moon △ Jupiter,LONG,TAC,BULL,TAC_EVENT,TAC_OFFICIAL,OFFICIAL_TAC,True,DISPLAY_TAC_OFFICIAL_REFERENCE,ORIGINAL_CANONICAL,HISTORICAL_CANONICAL,HISTORICAL_CANONICAL_DATASET,NORMAL_TAC_MASTER,,,2026-09-28T02:49:00+00:00
2026-08-21T13:03:00+00:00,2026-08-21T07:03:00-06:00,2026-08-21,07:03,BUY,Moon △ Saturn,LONG,TAC,BULL,TAC_EVENT,TAC_OFFICIAL,OFFICIAL_TAC,True,DISPLAY_TAC_OFFICIAL_REFERENCE,ORIGINAL_CANONICAL,HISTORICAL_CANONICAL,HISTORICAL_CANONICAL_DATASET,NORMAL_TAC_MASTER,,,2026-09-28T02:49:00+00:00
2026-08-21T21:47:00+00:00,2026-08-21T15:47:00-06:00,2026-08-21,15:47,BUY,Moon △ MC,LONG,TAC,BULL,TAC_EVENT,TAC_OFFICIAL,OFFICIAL_TAC,True,DISPLAY_TAC_OFFICIAL_REFERENCE,ORIGINAL_CANONICAL,HISTORICAL_CANONICAL,HISTORICAL_CANONICAL_DATASET,NORMAL_TAC_MASTER,,,2026-09-28T02:49:00+00:00
2026-08-22T08:22:00+00:00,2026-08-22T02:22:00-06:00,2026-08-22,02:22,BUY,Moon △ Mercury,LONG,TAC,BULL,TAC_EVENT,TAC_OFFICIAL,OFFICIAL_TAC,True,DISPLAY_TAC_OFFICIAL_REFERENCE,ORIGINAL_CANONICAL,HISTORICAL_CANONICAL,HISTORICAL_CANONICAL_DATASET,NORMAL_TAC_MASTER,,,2026-09-28T02:49:00+00:00
2026-08-22T20:31:00+00:00,2026-08-22T14:31:00-06:00,2026-08-22,14:31,BUY,Moon △ Sun,LONG,TAC,BULL,TAC_EVENT,TAC_OFFICIAL,OFFICIAL_TAC,True,DISPLAY_TAC_OFFICIAL_REFERENCE,ORIGINAL_CANONICAL,HISTORICAL_CANONICAL,HISTORICAL_CANONICAL_DATASET,NORMAL_TAC_MASTER,,,2026-09-28T02:49:00+00:00
2026-08-22T23:44:00+00:00,2026-08-22T17:44:00-06:00,2026-08-22,17:44,SELL,Moon □ Pluto,SHORT,TAC,BEAR,TAC_EVENT,TAC_OFFICIAL,OFFICIAL_TAC,True,DISPLAY_TAC_OFFICIAL_REFERENCE,ORIGINAL_CANONICAL,HISTORICAL_CANONICAL,HISTORICAL_CANONICAL_DATASET,NORMAL_TAC_MASTER,,,2026-09-28T02:49:00+00:00
2026-08-23T04:48:00+00:00,2026-08-22T22:48:00-06:00,2026-08-22,22:48,SELL,Moon □ Neptune,SHORT,TAC,BEAR,TAC_EVENT,TAC_OFFICIAL,OFFICIAL_TAC,True,DISPLAY_TAC_OFFICIAL_REFERENCE,ORIGINAL_CANONICAL,HISTORICAL_CANONICAL,HISTORICAL_CANONICAL_DATASET,NORMAL_TAC_MASTER,,,2026-09-28T02:49:00+00:00
2026-08-23T06:10:00+00:00,2026-08-23T00:10:00-06:00,2026-08-23,00:10,SELL,Moon □ natal Moon,SHORT,TAC,BEAR,TAC_EVENT,TAC_OFFICIAL,OFFICIAL_TAC,True,DISPLAY_TAC_OFFICIAL_REFERENCE,ORIGINAL_CANONICAL,HISTORICAL_CANONICAL,HISTORICAL_CANONICAL_DATASET,NORMAL_TAC_MASTER,,,2026-09-28T02:49:00+00:00
2026-08-23T08:41:00+00:00,2026-08-23T02:41:00-06:00,2026-08-23,02:41,SELL,Sun ☍ Venus,SHORT,TAC,BEAR,TAC_EVENT,TAC_OFFICIAL,OFFICIAL_TAC,True,DISPLAY_TAC_OFFICIAL_REFERENCE,ORIGINAL_CANONICAL,HISTORICAL_CANONICAL,HISTORICAL_CANONICAL_DATASET,NORMAL_TAC_MASTER,,,2026-09-28T02:49:00+00:00
2026-08-23T13:06:00+00:00,2026-08-23T07:06:00-06:00,2026-08-23,07:06,SELL,Moon ☍ Mars,SHORT,TAC,BEAR,TAC_EVENT,TAC_OFFICIAL,OFFICIAL_TAC,True,DISPLAY_TAC_OFFICIAL_REFERENCE,ORIGINAL_CANONICAL,HISTORICAL_CANONICAL,HISTORICAL_CANONICAL_DATASET,NORMAL_TAC_MASTER,,,2026-09-28T02:49:00+00:00
2026-08-24T00:13:00+00:00,2026-08-23T18:13:00-06:00,2026-08-23,18:13,SELL,Moon activates natal Sun,SHORT,TAC,BEAR,TAC_EVENT,TAC_OFFICIAL,OFFICIAL_TAC,True,DISPLAY_TAC_OFFICIAL_REFERENCE,ORIGINAL_CANONICAL,HISTORICAL_CANONICAL,HISTORICAL_CANONICAL_DATASET,NORMAL_TAC_MASTER,,,2026-09-28T02:49:00+00:00
2026-08-30T05:06:00+00:00,2026-08-29T23:06:00-06:00,2026-08-29,23:06,SELL,Moon square Pluto,SHORT,TAC,BEAR,TAC_EVENT,TAC_OFFICIAL,OFFICIAL_TAC,True,DISPLAY_TAC_OFFICIAL_REFERENCE,RECOVERED_FROM_IMAGE,INTRADAY_EXPLICIT,SOURCE_CARD_VISUALLY_IDENTIFIED,NORMAL_TAC_MASTER,,,2026-09-28T02:49:00+00:00
2026-08-30T12:46:00+00:00,2026-08-30T06:46:00-06:00,2026-08-30,06:46,SELL,Moon square Venus,SHORT,TAC,BEAR,TAC_EVENT,TAC_OFFICIAL,OFFICIAL_TAC,True,DISPLAY_TAC_OFFICIAL_REFERENCE,RECOVERED_FROM_IMAGE,INTRADAY_EXPLICIT,SOURCE_CARD_VISUALLY_IDENTIFIED,NORMAL_TAC_MASTER,,,2026-09-28T02:49:00+00:00
2026-08-30T18:35:00+00:00,2026-08-30T12:35:00-06:00,2026-08-30,12:35,BUY,Moon trine benefic,LONG,TAC,BULL,TAC_EVENT,TAC_OFFICIAL,OFFICIAL_TAC,True,DISPLAY_TAC_OFFICIAL_REFERENCE,RECOVERED_FROM_IMAGE,INTRADAY_EXPLICIT,SOURCE_CARD_VISUALLY_IDENTIFIED,NORMAL_TAC_MASTER,,,2026-09-28T02:49:00+00:00
2026-08-31T01:40:00+00:00,2026-08-30T19:40:00-06:00,2026-08-30,19:40,SELL,Moon square Venus (second),SHORT,TAC,BEAR,TAC_EVENT,TAC_OFFICIAL,OFFICIAL_TAC,True,DISPLAY_TAC_OFFICIAL_REFERENCE,RECOVERED_FROM_IMAGE,INTRADAY_EXPLICIT,SOURCE_CARD_VISUALLY_IDENTIFIED,NORMAL_TAC_MASTER,,,2026-09-28T02:49:00+00:00
2026-08-31T02:56:00+00:00,2026-08-30T20:56:00-06:00,2026-08-30,20:56,BUY,Moon trine Jupiter,LONG,TAC,BULL,TAC_EVENT,TAC_OFFICIAL,OFFICIAL_TAC,True,DISPLAY_TAC_OFFICIAL_REFERENCE,RECOVERED_FROM_IMAGE,INTRADAY_EXPLICIT,SOURCE_CARD_VISUALLY_IDENTIFIED,NORMAL_TAC_MASTER,,,2026-09-28T02:49:00+00:00
2026-08-31T02:56:00+00:00,2026-08-30T20:56:00-06:00,2026-08-30,20:56,SELL,Moon square Sun,SHORT,TAC,BEAR,TAC_EVENT,TAC_OFFICIAL,OFFICIAL_TAC,True,DISPLAY_TAC_OFFICIAL_REFERENCE,RECOVERED_FROM_IMAGE,INTRADAY_EXPLICIT,SOURCE_CARD_VISUALLY_IDENTIFIED,NORMAL_TAC_MASTER,,,2026-09-28T02:49:00+00:00
2026-08-31T03:19:00+00:00,2026-08-30T21:19:00-06:00,2026-08-30,21:19,SELL,Moon conjoins Saturn; structural bearish close,SHORT,TAC,BEAR,TAC_EVENT,TAC_OFFICIAL,OFFICIAL_TAC,True,DISPLAY_TAC_OFFICIAL_REFERENCE,RECOVERED_FROM_IMAGE,INTRADAY_EXPLICIT,SOURCE_CARD_VISUALLY_IDENTIFIED,NORMAL_TAC_MASTER,,,2026-09-28T02:49:00+00:00
2026-08-31T04:27:00+00:00,2026-08-30T22:27:00-06:00,2026-08-30,22:27,BUY,Venus trine Neptune,LONG,TAC,BULL,TAC_EVENT,TAC_OFFICIAL,OFFICIAL_TAC,True,DISPLAY_TAC_OFFICIAL_REFERENCE,RECOVERED_FROM_IMAGE,INTRADAY_EXPLICIT,SOURCE_CARD_VISUALLY_IDENTIFIED,NORMAL_TAC_MASTER,,,2026-09-28T02:49:00+00:00
2026-08-31T11:50:00+00:00,2026-08-31T05:50:00-06:00,2026-08-31,05:50,COUNTER-TREND SELL,Moon conjoins MC,SHORT,TAC,BEAR,TAC_EVENT,TAC_OFFICIAL,OFFICIAL_TAC,True,DISPLAY_TAC_OFFICIAL_REFERENCE,RECOVERED_FROM_IMAGE,INTRADAY_EXPLICIT,SOURCE_CARD_VISUALLY_IDENTIFIED,NORMAL_TAC_MASTER,,,2026-09-28T02:49:00+00:00
2026-08-31T18:54:00+00:00,2026-08-31T12:54:00-06:00,2026-08-31,12:54,MINOR,Moon sextile Neptune,CONTEXT,TAC,RISK,TAC_EVENT,TAC_OFFICIAL,OFFICIAL_TAC,True,DISPLAY_TAC_OFFICIAL_REFERENCE,RECOVERED_FROM_IMAGE,INTRADAY_EXPLICIT,SOURCE_CARD_VISUALLY_IDENTIFIED,NORMAL_TAC_MASTER,,,2026-09-28T02:49:00+00:00
2026-08-31T19:48:00+00:00,2026-08-31T13:48:00-06:00,2026-08-31,13:48,COUNTER-TREND SELL · VOID,Moon opposition Venus at void start,SHORT,TAC,BEAR,TAC_EVENT,TAC_OFFICIAL,OFFICIAL_TAC,True,DISPLAY_TAC_OFFICIAL_REFERENCE,RECOVERED_FROM_IMAGE,INTRADAY_EXPLICIT,SOURCE_CARD_VISUALLY_IDENTIFIED,NORMAL_TAC_MASTER,,,2026-09-28T02:49:00+00:00
2026-08-31T22:15:00+00:00,2026-08-31T16:15:00-06:00,2026-08-31,16:15,STRUCTURAL BUY · VOID,Jupiter trine Saturn,LONG,TAC,BULL,TAC_EVENT,TAC_OFFICIAL,OFFICIAL_TAC,True,DISPLAY_TAC_OFFICIAL_REFERENCE,RECOVERED_FROM_IMAGE,INTRADAY_EXPLICIT,SOURCE_CARD_VISUALLY_IDENTIFIED,NORMAL_TAC_MASTER,,,2026-09-28T02:49:00+00:00
2026-09-01T04:33:00+00:00,2026-08-31T22:33:00-06:00,2026-08-31,22:33,STRUCTURAL SELL,Mars opposition Sun,SHORT,TAC,BEAR,TAC_EVENT,TAC_OFFICIAL,OFFICIAL_TAC,True,DISPLAY_TAC_OFFICIAL_REFERENCE,RECOVERED_FROM_IMAGE,INTRADAY_EXPLICIT,SOURCE_CARD_VISUALLY_IDENTIFIED,NORMAL_TAC_MASTER,,,2026-09-28T02:49:00+00:00
2026-09-01T08:29:00+00:00,2026-09-01T02:29:00-06:00,2026-09-01,02:29,C-TREND DIP,Moon sextile Venus post-ingress,CONTEXT,TAC,RISK,TAC_EVENT,TAC_OFFICIAL,OFFICIAL_TAC,True,DISPLAY_TAC_OFFICIAL_REFERENCE,RECOVERED_FROM_IMAGE,INTRADAY_EXPLICIT,SOURCE_CARD_VISUALLY_IDENTIFIED,NORMAL_TAC_MASTER,,,2026-09-28T02:49:00+00:00
2026-09-01T09:59:00+00:00,2026-09-01T03:59:00-06:00,2026-09-01,03:59,STRUCTURAL SELL,Mars square Saturn,SHORT,TAC,BEAR,TAC_EVENT,TAC_OFFICIAL,OFFICIAL_TAC,True,DISPLAY_TAC_OFFICIAL_REFERENCE,RECOVERED_FROM_IMAGE,INTRADAY_EXPLICIT,SOURCE_CARD_VISUALLY_IDENTIFIED,NORMAL_TAC_MASTER,,,2026-09-28T02:49:00+00:00
2026-09-01T10:23:00+00:00,2026-09-01T04:23:00-06:00,2026-09-01,04:23,BUY,Mercury trine Sun,LONG,TAC,BULL,TAC_EVENT,TAC_OFFICIAL,OFFICIAL_TAC,True,DISPLAY_TAC_OFFICIAL_REFERENCE,RECOVERED_FROM_IMAGE,INTRADAY_EXPLICIT,SOURCE_CARD_VISUALLY_IDENTIFIED,NORMAL_TAC_MASTER,,,2026-09-28T02:49:00+00:00
2026-09-01T10:24:00+00:00,2026-09-01T04:24:00-06:00,2026-09-01,04:24,BUY,Moon trine Pluto,LONG,TAC,BULL,TAC_EVENT,TAC_OFFICIAL,OFFICIAL_TAC,True,DISPLAY_TAC_OFFICIAL_REFERENCE,RECOVERED_FROM_IMAGE,INTRADAY_EXPLICIT,SOURCE_CARD_VISUALLY_IDENTIFIED,NORMAL_TAC_MASTER,,,2026-09-28T02:49:00+00:00
2026-09-01T17:49:00+00:00,2026-09-01T11:49:00-06:00,2026-09-01,11:49,BUY,Moon trine Mars,LONG,TAC,BULL,TAC_EVENT,TAC_OFFICIAL,OFFICIAL_TAC,True,DISPLAY_TAC_OFFICIAL_REFERENCE,RECOVERED_FROM_IMAGE,INTRADAY_EXPLICIT,SOURCE_CARD_VISUALLY_IDENTIFIED,NORMAL_TAC_MASTER,,,2026-09-28T02:49:00+00:00
2026-09-02T00:44:00+00:00,2026-09-01T18:44:00-06:00,2026-09-01,18:44,BUY,Moon trine Sun,LONG,TAC,BULL,TAC_EVENT,TAC_OFFICIAL,OFFICIAL_TAC,True,DISPLAY_TAC_OFFICIAL_REFERENCE,RECOVERED_FROM_IMAGE,INTRADAY_EXPLICIT,SOURCE_CARD_VISUALLY_IDENTIFIED,NORMAL_TAC_MASTER,,,2026-09-28T02:49:00+00:00
2026-09-02T07:32:00+00:00,2026-09-02T01:32:00-06:00,2026-09-02,01:32,BUY,Moon trine Sun,LONG,TAC,BULL,TAC_EVENT,TAC_OFFICIAL,OFFICIAL_TAC,True,DISPLAY_TAC_OFFICIAL_REFERENCE,RECOVERED_FROM_IMAGE,INTRADAY_EXPLICIT,SOURCE_CARD_VISUALLY_IDENTIFIED,NORMAL_TAC_MASTER,,,2026-09-28T02:49:00+00:00
2026-09-02T08:20:00+00:00,2026-09-02T02:20:00-06:00,2026-09-02,02:20,SELL,Moon square Jupiter,SHORT,TAC,BEAR,TAC_EVENT,TAC_OFFICIAL,OFFICIAL_TAC,True,DISPLAY_TAC_OFFICIAL_REFERENCE,RECOVERED_FROM_IMAGE,INTRADAY_EXPLICIT,SOURCE_CARD_VISUALLY_IDENTIFIED,NORMAL_TAC_MASTER,,,2026-09-28T02:49:00+00:00
2026-09-02T08:49:00+00:00,2026-09-02T02:49:00-06:00,2026-09-02,02:49,C-TREND DIP,Moon sextile Mars,CONTEXT,TAC,RISK,TAC_EVENT,TAC_OFFICIAL,OFFICIAL_TAC,True,DISPLAY_TAC_OFFICIAL_REFERENCE,RECOVERED_FROM_IMAGE,INTRADAY_EXPLICIT,SOURCE_CARD_VISUALLY_IDENTIFIED,NORMAL_TAC_MASTER,,,2026-09-28T02:49:00+00:00
2026-09-02T10:48:00+00:00,2026-09-02T04:48:00-06:00,2026-09-02,04:48,BUY · VOID,Moon trine Mercury at void start,LONG,TAC,BULL,TAC_EVENT,TAC_OFFICIAL,OFFICIAL_TAC,True,DISPLAY_TAC_OFFICIAL_REFERENCE,RECOVERED_FROM_IMAGE,INTRADAY_EXPLICIT,SOURCE_CARD_VISUALLY_IDENTIFIED,NORMAL_TAC_MASTER,,,2026-09-28T02:49:00+00:00
2026-09-02T21:43:00+00:00,2026-09-02T15:43:00-06:00,2026-09-02,15:43,BUY · VOID,Moon trine Saturn,LONG,TAC,BULL,TAC_EVENT,TAC_OFFICIAL,OFFICIAL_TAC,True,DISPLAY_TAC_OFFICIAL_REFERENCE,RECOVERED_FROM_IMAGE,INTRADAY_EXPLICIT,SOURCE_CARD_VISUALLY_IDENTIFIED,NORMAL_TAC_MASTER,,,2026-09-28T02:49:00+00:00
2026-09-02T23:01:00+00:00,2026-09-02T17:01:00-06:00,2026-09-02,17:01,VOID · SELL,Moon square Neptune,SHORT,TAC,BEAR,TAC_EVENT,TAC_OFFICIAL,OFFICIAL_TAC,True,DISPLAY_TAC_OFFICIAL_REFERENCE,RECOVERED_FROM_IMAGE,INTRADAY_EXPLICIT,SOURCE_CARD_VISUALLY_IDENTIFIED,NORMAL_TAC_MASTER,,,2026-09-28T02:49:00+00:00
2026-09-03T11:04:00+00:00,2026-09-03T05:04:00-06:00,2026-09-03,05:04,BUY,Moon trine Jupiter,LONG,TAC,BULL,TAC_EVENT,TAC_OFFICIAL,OFFICIAL_TAC,True,DISPLAY_TAC_OFFICIAL_REFERENCE,RECOVERED_FROM_IMAGE,INTRADAY_EXPLICIT,SOURCE_CARD_VISUALLY_IDENTIFIED,NORMAL_TAC_MASTER,,,2026-09-28T02:49:00+00:00
2026-09-03T12:15:00+00:00,2026-09-03T06:15:00-06:00,2026-09-03,06:15,SELL,Moon square Venus post-ingress,SHORT,TAC,BEAR,TAC_EVENT,TAC_OFFICIAL,OFFICIAL_TAC,True,DISPLAY_TAC_OFFICIAL_REFERENCE,RECOVERED_FROM_IMAGE,INTRADAY_EXPLICIT,SOURCE_CARD_VISUALLY_IDENTIFIED,NORMAL_TAC_MASTER,,,2026-09-28T02:49:00+00:00
2026-09-03T16:34:00+00:00,2026-09-03T10:34:00-06:00,2026-09-03,10:34,BUY,Moon trine Mercury,LONG,TAC,BULL,TAC_EVENT,TAC_OFFICIAL,OFFICIAL_TAC,True,DISPLAY_TAC_OFFICIAL_REFERENCE,RECOVERED_FROM_IMAGE,INTRADAY_EXPLICIT,SOURCE_CARD_VISUALLY_IDENTIFIED,NORMAL_TAC_MASTER,,,2026-09-28T02:49:00+00:00
2026-09-03T17:42:00+00:00,2026-09-03T11:42:00-06:00,2026-09-03,11:42,BUY,Moon trine Pluto,LONG,TAC,BULL,TAC_EVENT,TAC_OFFICIAL,OFFICIAL_TAC,True,DISPLAY_TAC_OFFICIAL_REFERENCE,RECOVERED_FROM_IMAGE,INTRADAY_EXPLICIT,SOURCE_CARD_VISUALLY_IDENTIFIED,NORMAL_TAC_MASTER,,,2026-09-28T02:49:00+00:00
2026-09-03T20:59:00+00:00,2026-09-03T14:59:00-06:00,2026-09-03,14:59,STRUCTURAL SELL,Saturn square Sun,SHORT,TAC,BEAR,TAC_EVENT,TAC_OFFICIAL,OFFICIAL_TAC,True,DISPLAY_TAC_OFFICIAL_REFERENCE,RECOVERED_FROM_IMAGE,INTRADAY_EXPLICIT,SOURCE_CARD_VISUALLY_IDENTIFIED,NORMAL_TAC_MASTER,,,2026-09-28T02:49:00+00:00
2026-09-03T21:28:00+00:00,2026-09-03T15:28:00-06:00,2026-09-03,15:28,SELL,Moon conjoins Uranus,SHORT,TAC,BEAR,TAC_EVENT,TAC_OFFICIAL,OFFICIAL_TAC,True,DISPLAY_TAC_OFFICIAL_REFERENCE,RECOVERED_FROM_IMAGE,INTRADAY_EXPLICIT,SOURCE_CARD_VISUALLY_IDENTIFIED,NORMAL_TAC_MASTER,,,2026-09-28T02:49:00+00:00
2026-09-04T07:53:00+00:00,2026-09-04T01:53:00-06:00,2026-09-04,01:53,SELL,Moon square Sun,SHORT,TAC,BEAR,TAC_EVENT,TAC_OFFICIAL,OFFICIAL_TAC,True,DISPLAY_TAC_OFFICIAL_REFERENCE,RECOVERED_FROM_IMAGE,INTRADAY_EXPLICIT,SOURCE_CARD_VISUALLY_IDENTIFIED,NORMAL_TAC_MASTER,,,2026-09-28T02:49:00+00:00
2026-09-04T10:42:00+00:00,2026-09-04T04:42:00-06:00,2026-09-04,04:42,C-TREND POP,Moon sextile Saturn,CONTEXT,TAC,RISK,TAC_EVENT,TAC_OFFICIAL,OFFICIAL_TAC,True,DISPLAY_TAC_OFFICIAL_REFERENCE,RECOVERED_FROM_IMAGE,INTRADAY_EXPLICIT,SOURCE_CARD_VISUALLY_IDENTIFIED,NORMAL_TAC_MASTER,,,2026-09-28T02:49:00+00:00
2026-09-04T13:57:00+00:00,2026-09-04T07:57:00-06:00,2026-09-04,07:57,STRUCTURAL SELL,Mercury opposition Uranus,SHORT,TAC,BEAR,TAC_EVENT,TAC_OFFICIAL,OFFICIAL_TAC,True,DISPLAY_TAC_OFFICIAL_REFERENCE,RECOVERED_FROM_IMAGE,INTRADAY_EXPLICIT,SOURCE_CARD_VISUALLY_IDENTIFIED,NORMAL_TAC_MASTER,,,2026-09-28T02:49:00+00:00
2026-09-04T20:33:00+00:00,2026-09-04T14:33:00-06:00,2026-09-04,14:33,SELL,Moon square Uranus,SHORT,TAC,BEAR,TAC_EVENT,TAC_OFFICIAL,OFFICIAL_TAC,True,DISPLAY_TAC_OFFICIAL_REFERENCE,RECOVERED_FROM_IMAGE,INTRADAY_EXPLICIT,SOURCE_CARD_VISUALLY_IDENTIFIED,NORMAL_TAC_MASTER,,,2026-09-28T02:49:00+00:00
2026-09-04T21:31:00+00:00,2026-09-04T15:31:00-06:00,2026-09-04,15:31,SELL,Moon square Mercury,SHORT,TAC,BEAR,TAC_EVENT,TAC_OFFICIAL,OFFICIAL_TAC,True,DISPLAY_TAC_OFFICIAL_REFERENCE,RECOVERED_FROM_IMAGE,INTRADAY_EXPLICIT,SOURCE_CARD_VISUALLY_IDENTIFIED,NORMAL_TAC_MASTER,,,2026-09-28T02:49:00+00:00
2026-09-05T00:40:00+00:00,2026-09-04T18:40:00-06:00,2026-09-04,18:40,SELL,Moon square Saturn,SHORT,TAC,BEAR,TAC_EVENT,TAC_OFFICIAL,OFFICIAL_TAC,True,DISPLAY_TAC_OFFICIAL_REFERENCE,RECOVERED_FROM_IMAGE,INTRADAY_EXPLICIT,SOURCE_CARD_VISUALLY_IDENTIFIED,NORMAL_TAC_MASTER,,,2026-09-28T02:49:00+00:00
2026-09-05T01:57:00+00:00,2026-09-04T19:57:00-06:00,2026-09-04,19:57,COUNTER-TREND BUY,Moon trine Neptune,LONG,TAC,BULL,TAC_EVENT,TAC_OFFICIAL,OFFICIAL_TAC,True,DISPLAY_TAC_OFFICIAL_REFERENCE,RECOVERED_FROM_IMAGE,INTRADAY_EXPLICIT,SOURCE_CARD_VISUALLY_IDENTIFIED,NORMAL_TAC_MASTER,,,2026-09-28T02:49:00+00:00
2026-09-05T08:41:00+00:00,2026-09-05T02:41:00-06:00,2026-09-05,02:41,BUY · VOID,Moon trine Venus at void start,LONG,TAC,BULL,TAC_EVENT,TAC_OFFICIAL,OFFICIAL_TAC,True,DISPLAY_TAC_OFFICIAL_REFERENCE,RECOVERED_FROM_IMAGE,INTRADAY_EXPLICIT,SOURCE_CARD_VISUALLY_IDENTIFIED,NORMAL_TAC_MASTER,,,2026-09-28T02:49:00+00:00
2026-09-05T14:57:00+00:00,2026-09-05T08:57:00-06:00,2026-09-05,08:57,BUY,Moon trine Venus post-ingress,LONG,TAC,BULL,TAC_EVENT,TAC_OFFICIAL,OFFICIAL_TAC,True,DISPLAY_TAC_OFFICIAL_REFERENCE,RECOVERED_FROM_IMAGE,INTRADAY_EXPLICIT,SOURCE_CARD_VISUALLY_IDENTIFIED,NORMAL_TAC_MASTER,,,2026-09-28T02:49:00+00:00
2026-09-05T16:48:00+00:00,2026-09-05T10:48:00-06:00,2026-09-05,10:48,SELL,Moon opposition Pluto,SHORT,TAC,BEAR,TAC_EVENT,TAC_OFFICIAL,OFFICIAL_TAC,True,DISPLAY_TAC_OFFICIAL_REFERENCE,RECOVERED_FROM_IMAGE,INTRADAY_EXPLICIT,SOURCE_CARD_VISUALLY_IDENTIFIED,NORMAL_TAC_MASTER,,,2026-09-28T02:49:00+00:00
2026-09-05T20:29:00+00:00,2026-09-05T14:29:00-06:00,2026-09-05,14:29,SELL,Moon square Neptune,SHORT,TAC,BEAR,TAC_EVENT,TAC_OFFICIAL,OFFICIAL_TAC,True,DISPLAY_TAC_OFFICIAL_REFERENCE,RECOVERED_FROM_IMAGE,INTRADAY_EXPLICIT,SOURCE_CARD_VISUALLY_IDENTIFIED,NORMAL_TAC_MASTER,,,2026-09-28T02:49:00+00:00
2026-09-05T22:32:00+00:00,2026-09-05T16:32:00-06:00,2026-09-05,16:32,SELL,Mercury conjoins Saturn,SHORT,TAC,BEAR,TAC_EVENT,TAC_OFFICIAL,OFFICIAL_TAC,True,DISPLAY_TAC_OFFICIAL_REFERENCE,RECOVERED_FROM_IMAGE,INTRADAY_EXPLICIT,SOURCE_CARD_VISUALLY_IDENTIFIED,NORMAL_TAC_MASTER,,,2026-09-28T02:49:00+00:00
2026-09-05T23:56:00+00:00,2026-09-05T17:56:00-06:00,2026-09-05,17:56,SELL,Moon opposition Mars,SHORT,TAC,BEAR,TAC_EVENT,TAC_OFFICIAL,OFFICIAL_TAC,True,DISPLAY_TAC_OFFICIAL_REFERENCE,RECOVERED_FROM_IMAGE,INTRADAY_EXPLICIT,SOURCE_CARD_VISUALLY_IDENTIFIED,NORMAL_TAC_MASTER,,,2026-09-28T02:49:00+00:00
2026-09-06T01:57:00+00:00,2026-09-05T19:57:00-06:00,2026-09-05,19:57,BUY,Sun trine natal Sun,LONG,TAC,BULL,TAC_EVENT,TAC_OFFICIAL,OFFICIAL_TAC,True,DISPLAY_TAC_OFFICIAL_REFERENCE,RECOVERED_FROM_IMAGE,INTRADAY_EXPLICIT,SOURCE_CARD_VISUALLY_IDENTIFIED,NORMAL_TAC_MASTER,,,2026-09-28T02:49:00+00:00
2026-09-06T12:56:00+00:00,2026-09-06T06:56:00-06:00,2026-09-06,06:56,SELL,Moon square Saturn,SHORT,TAC,BEAR,TAC_EVENT,TAC_OFFICIAL,OFFICIAL_TAC,True,DISPLAY_TAC_OFFICIAL_REFERENCE,RECOVERED_FROM_IMAGE,INTRADAY_EXPLICIT,SOURCE_CARD_VISUALLY_IDENTIFIED,NORMAL_TAC_MASTER,,,2026-09-28T02:49:00+00:00
2026-09-06T13:12:00+00:00,2026-09-06T07:12:00-06:00,2026-09-06,07:12,SELL,Moon opposition natal Sun,SHORT,TAC,BEAR,TAC_EVENT,TAC_OFFICIAL,OFFICIAL_TAC,True,DISPLAY_TAC_OFFICIAL_REFERENCE,RECOVERED_FROM_IMAGE,INTRADAY_EXPLICIT,SOURCE_CARD_VISUALLY_IDENTIFIED,NORMAL_TAC_MASTER,,,2026-09-28T02:49:00+00:00
2026-09-06T14:01:00+00:00,2026-09-06T08:01:00-06:00,2026-09-06,08:01,C-TREND DIP,Moon sextile Sun,CONTEXT,TAC,RISK,TAC_EVENT,TAC_OFFICIAL,OFFICIAL_TAC,True,DISPLAY_TAC_OFFICIAL_REFERENCE,RECOVERED_FROM_IMAGE,INTRADAY_EXPLICIT,SOURCE_CARD_VISUALLY_IDENTIFIED,NORMAL_TAC_MASTER,,,2026-09-28T02:49:00+00:00
2026-09-06T19:07:00+00:00,2026-09-06T13:07:00-06:00,2026-09-06,13:07,SELL,Moon conjoins Mars,SHORT,TAC,BEAR,TAC_EVENT,TAC_OFFICIAL,OFFICIAL_TAC,True,DISPLAY_TAC_OFFICIAL_REFERENCE,RECOVERED_FROM_IMAGE,INTRADAY_EXPLICIT,SOURCE_CARD_VISUALLY_IDENTIFIED,NORMAL_TAC_MASTER,,,2026-09-28T02:49:00+00:00
2026-09-06T21:35:00+00:00,2026-09-06T15:35:00-06:00,2026-09-06,15:35,SELL,Moon square MC,SHORT,TAC,BEAR,TAC_EVENT,TAC_OFFICIAL,OFFICIAL_TAC,True,DISPLAY_TAC_OFFICIAL_REFERENCE,RECOVERED_FROM_IMAGE,INTRADAY_EXPLICIT,SOURCE_CARD_VISUALLY_IDENTIFIED,NORMAL_TAC_MASTER,,,2026-09-28T02:49:00+00:00
2026-09-06T22:56:00+00:00,2026-09-06T16:56:00-06:00,2026-09-06,16:56,COUNTER-TREND BUY,Moon trine Uranus,LONG,TAC,BULL,TAC_EVENT,TAC_OFFICIAL,OFFICIAL_TAC,True,DISPLAY_TAC_OFFICIAL_REFERENCE,RECOVERED_FROM_IMAGE,INTRADAY_EXPLICIT,SOURCE_CARD_VISUALLY_IDENTIFIED,NORMAL_TAC_MASTER,,,2026-09-28T02:49:00+00:00
2026-09-07T13:41:00+00:00,2026-09-07T07:41:00-06:00,2026-09-07,07:41,VOID · SELL,Moon square Venus at void start,SHORT,TAC,BEAR,TAC_EVENT,TAC_OFFICIAL,OFFICIAL_TAC,True,DISPLAY_TAC_OFFICIAL_REFERENCE,RECOVERED_FROM_IMAGE,INTRADAY_EXPLICIT,SOURCE_CARD_VISUALLY_IDENTIFIED,NORMAL_TAC_MASTER,,,2026-09-28T02:49:00+00:00
2026-09-07T16:06:00+00:00,2026-09-07T10:06:00-06:00,2026-09-07,10:06,VOID · SELL,Moon opposition Jupiter,SHORT,TAC,BEAR,TAC_EVENT,TAC_OFFICIAL,OFFICIAL_TAC,True,DISPLAY_TAC_OFFICIAL_REFERENCE,RECOVERED_FROM_IMAGE,INTRADAY_EXPLICIT,SOURCE_CARD_VISUALLY_IDENTIFIED,NORMAL_TAC_MASTER,,,2026-09-28T02:49:00+00:00
2026-09-07T21:32:00+00:00,2026-09-07T15:32:00-06:00,2026-09-07,15:32,SELL,Moon opposition Mercury in Leo,SHORT,TAC,BEAR,TAC_EVENT,TAC_OFFICIAL,OFFICIAL_TAC,True,DISPLAY_TAC_OFFICIAL_REFERENCE,RECOVERED_FROM_IMAGE,INTRADAY_EXPLICIT,SOURCE_CARD_VISUALLY_IDENTIFIED,NORMAL_TAC_MASTER,,,2026-09-28T02:49:00+00:00
2026-09-07T22:32:00+00:00,2026-09-07T16:32:00-06:00,2026-09-07,16:32,SELL,Moon opposition Pluto,SHORT,TAC,BEAR,TAC_EVENT,TAC_OFFICIAL,OFFICIAL_TAC,True,DISPLAY_TAC_OFFICIAL_REFERENCE,RECOVERED_FROM_IMAGE,INTRADAY_EXPLICIT,SOURCE_CARD_VISUALLY_IDENTIFIED,NORMAL_TAC_MASTER,,,2026-09-28T02:49:00+00:00
2026-09-07T22:42:00+00:00,2026-09-07T16:42:00-06:00,2026-09-07,16:42,COUNTER-TREND BUY,Moon trine Neptune,LONG,TAC,BULL,TAC_EVENT,TAC_OFFICIAL,OFFICIAL_TAC,True,DISPLAY_TAC_OFFICIAL_REFERENCE,RECOVERED_FROM_IMAGE,INTRADAY_EXPLICIT,SOURCE_CARD_VISUALLY_IDENTIFIED,NORMAL_TAC_MASTER,,,2026-09-28T02:49:00+00:00
2026-09-08T00:29:00+00:00,2026-09-07T18:29:00-06:00,2026-09-07,18:29,BUY,Moon trine natal Moon,LONG,TAC,BULL,TAC_EVENT,TAC_OFFICIAL,OFFICIAL_TAC,True,DISPLAY_TAC_OFFICIAL_REFERENCE,RECOVERED_FROM_IMAGE,INTRADAY_EXPLICIT,SOURCE_CARD_VISUALLY_IDENTIFIED,NORMAL_TAC_MASTER,,,2026-09-28T02:49:00+00:00
2026-09-08T07:42:00+00:00,2026-09-08T01:42:00-06:00,2026-09-08,01:42,BUY,Moon conjoins natal ASC,LONG,TAC,BULL,TAC_EVENT,TAC_OFFICIAL,OFFICIAL_TAC,True,DISPLAY_TAC_OFFICIAL_REFERENCE,RECOVERED_FROM_IMAGE,INTRADAY_EXPLICIT,SOURCE_CARD_VISUALLY_IDENTIFIED,NORMAL_TAC_MASTER,,,2026-09-28T02:49:00+00:00
2026-09-08T15:06:00+00:00,2026-09-08T09:06:00-06:00,2026-09-08,09:06,BUY,Moon trine Saturn,LONG,TAC,BULL,TAC_EVENT,TAC_OFFICIAL,OFFICIAL_TAC,True,DISPLAY_TAC_OFFICIAL_REFERENCE,RECOVERED_FROM_IMAGE,INTRADAY_EXPLICIT,SOURCE_CARD_VISUALLY_IDENTIFIED,NORMAL_TAC_MASTER,,,2026-09-28T02:49:00+00:00
2026-09-08T18:38:00+00:00,2026-09-08T12:38:00-06:00,2026-09-08,12:38,BUY,Moon conjoins Jupiter,LONG,TAC,BULL,TAC_EVENT,TAC_OFFICIAL,OFFICIAL_TAC,True,DISPLAY_TAC_OFFICIAL_REFERENCE,RECOVERED_FROM_IMAGE,INTRADAY_EXPLICIT,SOURCE_CARD_VISUALLY_IDENTIFIED,NORMAL_TAC_MASTER,,,2026-09-28T02:49:00+00:00
2026-09-09T00:04:00+00:00,2026-09-08T18:04:00-06:00,2026-09-08,18:04,BUY,Moon trine MC,LONG,TAC,BULL,TAC_EVENT,TAC_OFFICIAL,OFFICIAL_TAC,True,DISPLAY_TAC_OFFICIAL_REFERENCE,RECOVERED_FROM_IMAGE,INTRADAY_EXPLICIT,SOURCE_CARD_VISUALLY_IDENTIFIED,NORMAL_TAC_MASTER,,,2026-09-28T02:49:00+00:00
2026-09-09T03:49:00+00:00,2026-09-08T21:49:00-06:00,2026-09-08,21:49,COUNTER-TREND SELL,Mars square MC,SHORT,TAC,BEAR,TAC_EVENT,TAC_OFFICIAL,OFFICIAL_TAC,True,DISPLAY_TAC_OFFICIAL_REFERENCE,RECOVERED_FROM_IMAGE,INTRADAY_EXPLICIT,SOURCE_CARD_VISUALLY_IDENTIFIED,NORMAL_TAC_MASTER,,,2026-09-28T02:49:00+00:00
2026-09-09T06:51:00+00:00,2026-09-09T00:51:00-06:00,2026-09-09,00:51,SELL,Moon opposition Neptune,SHORT,TAC,BEAR,TAC_EVENT,TAC_OFFICIAL,OFFICIAL_TAC,True,DISPLAY_TAC_OFFICIAL_REFERENCE,RECOVERED_FROM_IMAGE,INTRADAY_EXPLICIT,SOURCE_CARD_VISUALLY_IDENTIFIED,NORMAL_TAC_MASTER,,,2026-09-28T02:49:00+00:00
2026-09-09T16:12:00+00:00,2026-09-09T10:12:00-06:00,2026-09-09,10:12,STRUCTURAL SELL,Venus square Jupiter,SHORT,TAC,BEAR,TAC_EVENT,TAC_OFFICIAL,OFFICIAL_TAC,True,DISPLAY_TAC_OFFICIAL_REFERENCE,RECOVERED_FROM_IMAGE,INTRADAY_EXPLICIT,SOURCE_CARD_VISUALLY_IDENTIFIED,NORMAL_TAC_MASTER,,,2026-09-28T02:49:00+00:00
2026-09-09T18:59:00+00:00,2026-09-09T12:59:00-06:00,2026-09-09,12:59,MINOR · VOID,Moon sextile Venus at void start,CONTEXT,TAC,RISK,TAC_EVENT,TAC_OFFICIAL,OFFICIAL_TAC,True,DISPLAY_TAC_OFFICIAL_REFERENCE,RECOVERED_FROM_IMAGE,INTRADAY_EXPLICIT,SOURCE_CARD_VISUALLY_IDENTIFIED,NORMAL_TAC_MASTER,,,2026-09-28T02:49:00+00:00
2026-09-09T20:02:00+00:00,2026-09-09T14:02:00-06:00,2026-09-09,14:02,SELL,Moon opposition Venus post-ingress,SHORT,TAC,BEAR,TAC_EVENT,TAC_OFFICIAL,OFFICIAL_TAC,True,DISPLAY_TAC_OFFICIAL_REFERENCE,RECOVERED_FROM_IMAGE,INTRADAY_EXPLICIT,SOURCE_CARD_VISUALLY_IDENTIFIED,NORMAL_TAC_MASTER,,,2026-09-28T02:49:00+00:00
2026-09-09T21:55:00+00:00,2026-09-09T15:55:00-06:00,2026-09-09,15:55,COUNTER-TREND BUY,Moon trine Pluto,LONG,TAC,BULL,TAC_EVENT,TAC_OFFICIAL,OFFICIAL_TAC,True,DISPLAY_TAC_OFFICIAL_REFERENCE,RECOVERED_FROM_IMAGE,INTRADAY_EXPLICIT,SOURCE_CARD_VISUALLY_IDENTIFIED,NORMAL_TAC_MASTER,,,2026-09-28T02:49:00+00:00
2026-09-10T05:13:00+00:00,2026-09-09T23:13:00-06:00,2026-09-09,23:13,BUY,Moon trine Mars,LONG,TAC,BULL,TAC_EVENT,TAC_OFFICIAL,OFFICIAL_TAC,True,DISPLAY_TAC_OFFICIAL_REFERENCE,RECOVERED_FROM_IMAGE,INTRADAY_EXPLICIT,SOURCE_CARD_VISUALLY_IDENTIFIED,NORMAL_TAC_MASTER,,,2026-09-28T02:49:00+00:00
2026-09-10T05:22:00+00:00,2026-09-09T23:22:00-06:00,2026-09-09,23:22,SELL,Moon square Uranus,SHORT,TAC,BEAR,TAC_EVENT,TAC_OFFICIAL,OFFICIAL_TAC,True,DISPLAY_TAC_OFFICIAL_REFERENCE,RECOVERED_FROM_IMAGE,RISK_MANAGEMENT_EXPLICIT,SOURCE_CARD_VISUALLY_IDENTIFIED,NORMAL_TAC_MASTER,,,2026-09-28T02:49:00+00:00
2026-09-10T08:07:00+00:00,2026-09-10T02:07:00-06:00,2026-09-10,02:07,VENUS → SCORPIO,Venus enters Scorpio,CONTEXT,TAC,RISK,TAC_EVENT,TAC_OFFICIAL,OFFICIAL_TAC,True,DISPLAY_TAC_OFFICIAL_REFERENCE,RECOVERED_FROM_IMAGE,INTRADAY_EXPLICIT,SOURCE_CARD_VISUALLY_IDENTIFIED,NORMAL_TAC_MASTER,,,2026-09-28T02:49:00+00:00
2026-09-10T10:42:00+00:00,2026-09-10T04:42:00-06:00,2026-09-10,04:42,STRUCTURAL BUY,Mars trine Uranus,LONG,TAC,BULL,TAC_EVENT,TAC_OFFICIAL,OFFICIAL_TAC,True,DISPLAY_TAC_OFFICIAL_REFERENCE,RECOVERED_FROM_IMAGE,INTRADAY_EXPLICIT,SOURCE_CARD_VISUALLY_IDENTIFIED,NORMAL_TAC_MASTER,,,2026-09-28T02:49:00+00:00
2026-09-10T16:21:00+00:00,2026-09-10T10:21:00-06:00,2026-09-10,10:21,MERCURY → LIBRA,Mercury enters Libra,CONTEXT,TAC,RISK,TAC_EVENT,TAC_OFFICIAL,OFFICIAL_TAC,True,DISPLAY_TAC_OFFICIAL_REFERENCE,RECOVERED_FROM_IMAGE,INTRADAY_EXPLICIT,SOURCE_CARD_VISUALLY_IDENTIFIED,NORMAL_TAC_MASTER,,,2026-09-28T02:49:00+00:00
2026-09-10T16:31:00+00:00,2026-09-10T10:31:00-06:00,2026-09-10,10:31,URANUS RETROGRADE,Uranus stations retrograde,CONTEXT,TAC,RISK,TAC_EVENT,TAC_OFFICIAL,OFFICIAL_TAC,True,DISPLAY_TAC_OFFICIAL_REFERENCE,RECOVERED_FROM_IMAGE,INTRADAY_EXPLICIT,SOURCE_CARD_VISUALLY_IDENTIFIED,NORMAL_TAC_MASTER,,,2026-09-28T02:49:00+00:00
2026-09-10T18:53:00+00:00,2026-09-10T12:53:00-06:00,2026-09-10,12:53,BUY,Moon trine Sun,LONG,TAC,BULL,TAC_EVENT,TAC_OFFICIAL,OFFICIAL_TAC,True,DISPLAY_TAC_OFFICIAL_REFERENCE,RECOVERED_FROM_IMAGE,INTRADAY_EXPLICIT,SOURCE_CARD_VISUALLY_IDENTIFIED,NORMAL_TAC_MASTER,,,2026-09-28T02:49:00+00:00
2026-09-11T03:28:00+00:00,2026-09-10T21:28:00-06:00,2026-09-10,21:28,NEW MOON,Sun conjoins Moon; New Moon in Virgo,CONTEXT,TAC,RISK,TAC_EVENT,TAC_OFFICIAL,OFFICIAL_TAC,True,DISPLAY_TAC_OFFICIAL_REFERENCE,RECOVERED_FROM_IMAGE,INTRADAY_EXPLICIT,SOURCE_CARD_VISUALLY_IDENTIFIED,NORMAL_TAC_MASTER,,,2026-09-28T02:49:00+00:00
2026-09-11T05:01:00+00:00,2026-09-10T23:01:00-06:00,2026-09-10,23:01,SELL,Moon opposition Uranus,SHORT,TAC,BEAR,TAC_EVENT,TAC_OFFICIAL,OFFICIAL_TAC,True,DISPLAY_TAC_OFFICIAL_REFERENCE,RECOVERED_FROM_IMAGE,INTRADAY_EXPLICIT,SOURCE_CARD_VISUALLY_IDENTIFIED,NORMAL_TAC_MASTER,,,2026-09-28T02:49:00+00:00
2026-09-11T05:53:00+00:00,2026-09-10T23:53:00-06:00,2026-09-10,23:53,C-TREND POP · VOID,Moon sextile Mars at void start,CONTEXT,TAC,RISK,TAC_EVENT,TAC_OFFICIAL,OFFICIAL_TAC,True,DISPLAY_TAC_OFFICIAL_REFERENCE,RECOVERED_FROM_IMAGE,INTRADAY_EXPLICIT,SOURCE_CARD_VISUALLY_IDENTIFIED,NORMAL_TAC_MASTER,,,2026-09-28T02:49:00+00:00
2026-09-11T09:18:00+00:00,2026-09-11T03:18:00-06:00,2026-09-11,03:18,VOID · SELL,Moon conjoins Saturn,SHORT,TAC,BEAR,TAC_EVENT,TAC_OFFICIAL,OFFICIAL_TAC,True,DISPLAY_TAC_OFFICIAL_REFERENCE,RECOVERED_FROM_IMAGE,INTRADAY_EXPLICIT,SOURCE_CARD_VISUALLY_IDENTIFIED,NORMAL_TAC_MASTER,,,2026-09-28T02:49:00+00:00
2026-09-11T11:39:00+00:00,2026-09-11T05:39:00-06:00,2026-09-11,05:39,VOID · SELL,Mercury square Pluto,SHORT,TAC,BEAR,TAC_EVENT,TAC_OFFICIAL,OFFICIAL_TAC,True,DISPLAY_TAC_OFFICIAL_REFERENCE,RECOVERED_FROM_IMAGE,INTRADAY_EXPLICIT,SOURCE_CARD_VISUALLY_IDENTIFIED,NORMAL_TAC_MASTER,,,2026-09-28T02:49:00+00:00
2026-09-11T23:06:00+00:00,2026-09-11T17:06:00-06:00,2026-09-11,17:06,COUNTER-TREND BUY,Moon trine Jupiter post-ingress,LONG,TAC,BULL,TAC_EVENT,TAC_OFFICIAL,OFFICIAL_TAC,True,DISPLAY_TAC_OFFICIAL_REFERENCE,RECOVERED_FROM_IMAGE,INTRADAY_EXPLICIT,SOURCE_CARD_VISUALLY_IDENTIFIED,NORMAL_TAC_MASTER,,,2026-09-28T02:49:00+00:00
2026-09-12T01:20:00+00:00,2026-09-11T19:20:00-06:00,2026-09-11,19:20,STRUCTURAL SELL,Sun opposition Uranus,SHORT,TAC,BEAR,TAC_EVENT,TAC_OFFICIAL,OFFICIAL_TAC,True,DISPLAY_TAC_OFFICIAL_REFERENCE,RECOVERED_FROM_IMAGE,INTRADAY_EXPLICIT,SOURCE_CARD_VISUALLY_IDENTIFIED,NORMAL_TAC_MASTER,,,2026-09-28T02:49:00+00:00
2026-09-12T02:17:00+00:00,2026-09-11T20:17:00-06:00,2026-09-11,20:17,SELL,Moon square Pluto,SHORT,TAC,BEAR,TAC_EVENT,TAC_OFFICIAL,OFFICIAL_TAC,True,DISPLAY_TAC_OFFICIAL_REFERENCE,RECOVERED_FROM_IMAGE,INTRADAY_EXPLICIT,SOURCE_CARD_VISUALLY_IDENTIFIED,NORMAL_TAC_MASTER,,,2026-09-28T02:49:00+00:00
2026-09-12T04:52:00+00:00,2026-09-11T22:52:00-06:00,2026-09-11,22:52,BUY,Moon trine Mercury,LONG,TAC,BULL,TAC_EVENT,TAC_OFFICIAL,OFFICIAL_TAC,True,DISPLAY_TAC_OFFICIAL_REFERENCE,RECOVERED_FROM_IMAGE,INTRADAY_EXPLICIT,SOURCE_CARD_VISUALLY_IDENTIFIED,NORMAL_TAC_MASTER,,,2026-09-28T02:49:00+00:00
2026-09-12T05:49:00+00:00,2026-09-11T23:49:00-06:00,2026-09-11,23:49,BUY,Moon trine Pluto,LONG,TAC,BULL,TAC_EVENT,TAC_OFFICIAL,OFFICIAL_TAC,True,DISPLAY_TAC_OFFICIAL_REFERENCE,RECOVERED_FROM_IMAGE,INTRADAY_EXPLICIT,SOURCE_CARD_VISUALLY_IDENTIFIED,NORMAL_TAC_MASTER,,,2026-09-28T02:49:00+00:00
2026-09-12T05:54:00+00:00,2026-09-11T23:54:00-06:00,2026-09-11,23:54,SELL,Moon opposition Neptune,SHORT,TAC,BEAR,TAC_EVENT,TAC_OFFICIAL,OFFICIAL_TAC,True,DISPLAY_TAC_OFFICIAL_REFERENCE,RECOVERED_FROM_IMAGE,INTRADAY_EXPLICIT,SOURCE_CARD_VISUALLY_IDENTIFIED,NORMAL_TAC_MASTER,,,2026-09-28T02:49:00+00:00
2026-09-12T10:04:00+00:00,2026-09-12T04:04:00-06:00,2026-09-12,04:04,BUY,Moon trine Uranus,LONG,TAC,BULL,TAC_EVENT,TAC_OFFICIAL,OFFICIAL_TAC,True,DISPLAY_TAC_OFFICIAL_REFERENCE,RECOVERED_FROM_IMAGE,INTRADAY_EXPLICIT,SOURCE_CARD_VISUALLY_IDENTIFIED,NORMAL_TAC_MASTER,,,2026-09-28T02:49:00+00:00
2026-09-12T11:11:00+00:00,2026-09-12T05:11:00-06:00,2026-09-12,05:11,C-TREND POP,Venus sextile Pluto,CONTEXT,TAC,RISK,TAC_EVENT,TAC_OFFICIAL,OFFICIAL_TAC,True,DISPLAY_TAC_OFFICIAL_REFERENCE,RECOVERED_FROM_IMAGE,INTRADAY_EXPLICIT,SOURCE_CARD_VISUALLY_IDENTIFIED,NORMAL_TAC_MASTER,,,2026-09-28T02:49:00+00:00
2026-09-12T16:38:00+00:00,2026-09-12T10:38:00-06:00,2026-09-12,10:38,STRUCTURAL SELL,Mercury opposition Neptune,SHORT,TAC,BEAR,TAC_EVENT,TAC_OFFICIAL,OFFICIAL_TAC,True,DISPLAY_TAC_OFFICIAL_REFERENCE,RECOVERED_FROM_IMAGE,INTRADAY_EXPLICIT,SOURCE_CARD_VISUALLY_IDENTIFIED,NORMAL_TAC_MASTER,,,2026-09-28T02:49:00+00:00
2026-09-12T23:09:00+00:00,2026-09-12T17:09:00-06:00,2026-09-12,17:09,SELL,Moon opposition Saturn,SHORT,TAC,BEAR,TAC_EVENT,TAC_OFFICIAL,OFFICIAL_TAC,True,DISPLAY_TAC_OFFICIAL_REFERENCE,RECOVERED_FROM_IMAGE,INTRADAY_EXPLICIT,SOURCE_CARD_VISUALLY_IDENTIFIED,NORMAL_TAC_MASTER,,,2026-09-28T02:49:00+00:00
2026-09-13T00:13:00+00:00,2026-09-12T18:13:00-06:00,2026-09-12,18:13,SELL,Moon square Sun,SHORT,TAC,BEAR,TAC_EVENT,TAC_OFFICIAL,OFFICIAL_TAC,True,DISPLAY_TAC_OFFICIAL_REFERENCE,RECOVERED_FROM_IMAGE,INTRADAY_EXPLICIT,SOURCE_CARD_VISUALLY_IDENTIFIED,NORMAL_TAC_MASTER,,,2026-09-28T02:49:00+00:00
2026-09-13T05:09:00+00:00,2026-09-12T23:09:00-06:00,2026-09-12,23:09,C-TREND POP,Moon sextile Jupiter,CONTEXT,TAC,RISK,TAC_EVENT,TAC_OFFICIAL,OFFICIAL_TAC,True,DISPLAY_TAC_OFFICIAL_REFERENCE,RECOVERED_FROM_IMAGE,INTRADAY_EXPLICIT,SOURCE_CARD_VISUALLY_IDENTIFIED,NORMAL_TAC_MASTER,,,2026-09-28T02:49:00+00:00
2026-09-13T09:23:00+00:00,2026-09-13T03:23:00-06:00,2026-09-13,03:23,SELL,Moon opposition MC,SHORT,TAC,BEAR,TAC_EVENT,TAC_OFFICIAL,OFFICIAL_TAC,True,DISPLAY_TAC_OFFICIAL_REFERENCE,RECOVERED_FROM_IMAGE,INTRADAY_EXPLICIT,SOURCE_CARD_VISUALLY_IDENTIFIED,NORMAL_TAC_MASTER,,,2026-09-28T02:49:00+00:00
2026-09-13T09:50:00+00:00,2026-09-13T03:50:00-06:00,2026-09-13,03:50,SELL,Mercury opposition natal Moon,SHORT,TAC,BEAR,TAC_EVENT,TAC_OFFICIAL,OFFICIAL_TAC,True,DISPLAY_TAC_OFFICIAL_REFERENCE,RECOVERED_FROM_IMAGE,INTRADAY_EXPLICIT,SOURCE_CARD_VISUALLY_IDENTIFIED,NORMAL_TAC_MASTER,,,2026-09-28T02:49:00+00:00
2026-09-13T14:27:00+00:00,2026-09-13T08:27:00-06:00,2026-09-13,08:27,VOID · SELL,Moon square Mars at void start,SHORT,TAC,BEAR,TAC_EVENT,TAC_OFFICIAL,OFFICIAL_TAC,True,DISPLAY_TAC_OFFICIAL_REFERENCE,RECOVERED_FROM_IMAGE,INTRADAY_EXPLICIT,SOURCE_CARD_VISUALLY_IDENTIFIED,NORMAL_TAC_MASTER,,,2026-09-28T02:49:00+00:00
2026-09-13T16:46:00+00:00,2026-09-13T10:46:00-06:00,2026-09-13,10:46,COUNTER-TREND BUY · VOID,Moon trine Neptune,LONG,TAC,BULL,TAC_EVENT,TAC_OFFICIAL,OFFICIAL_TAC,True,DISPLAY_TAC_OFFICIAL_REFERENCE,RECOVERED_FROM_IMAGE,INTRADAY_EXPLICIT,SOURCE_CARD_VISUALLY_IDENTIFIED,NORMAL_TAC_MASTER,,,2026-09-28T02:49:00+00:00
2026-09-14T01:19:00+00:00,2026-09-13T19:19:00-06:00,2026-09-13,19:19,VOID · SELL,Mercury square Mars,SHORT,TAC,BEAR,TAC_EVENT,TAC_OFFICIAL,OFFICIAL_TAC,True,DISPLAY_TAC_OFFICIAL_REFERENCE,RECOVERED_FROM_IMAGE,INTRADAY_EXPLICIT,SOURCE_CARD_VISUALLY_IDENTIFIED,NORMAL_TAC_MASTER,,,2026-09-28T02:49:00+00:00
2026-09-14T02:40:00+00:00,2026-09-13T20:40:00-06:00,2026-09-13,20:40,COUNTER-TREND BUY · VOID,Mercury trine Uranus,LONG,TAC,BULL,TAC_EVENT,TAC_OFFICIAL,OFFICIAL_TAC,True,DISPLAY_TAC_OFFICIAL_REFERENCE,RECOVERED_FROM_IMAGE,INTRADAY_EXPLICIT,SOURCE_CARD_VISUALLY_IDENTIFIED,NORMAL_TAC_MASTER,,,2026-09-28T02:49:00+00:00
2026-09-14T07:13:00+00:00,2026-09-14T01:13:00-06:00,2026-09-14,01:13,COUNTER-TREND BUY,Moon trine Venus post-ingress,LONG,TAC,BULL,TAC_EVENT,TAC_OFFICIAL,OFFICIAL_TAC,True,DISPLAY_TAC_OFFICIAL_REFERENCE,RECOVERED_FROM_IMAGE,INTRADAY_EXPLICIT,SOURCE_CARD_VISUALLY_IDENTIFIED,NORMAL_TAC_MASTER,,,2026-09-28T02:49:00+00:00
2026-09-14T09:18:00+00:00,2026-09-14T03:18:00-06:00,2026-09-14,03:18,C-TREND POP,Moon sextile Pluto,CONTEXT,TAC,RISK,TAC_EVENT,TAC_OFFICIAL,OFFICIAL_TAC,True,DISPLAY_TAC_OFFICIAL_REFERENCE,RECOVERED_FROM_IMAGE,INTRADAY_EXPLICIT,SOURCE_CARD_VISUALLY_IDENTIFIED,NORMAL_TAC_MASTER,,,2026-09-28T02:49:00+00:00
2026-09-14T11:33:00+00:00,2026-09-14T05:33:00-06:00,2026-09-14,05:33,BUY,Moon conjoins Venus,LONG,TAC,BULL,TAC_EVENT,TAC_OFFICIAL,OFFICIAL_TAC,True,DISPLAY_TAC_OFFICIAL_REFERENCE,RECOVERED_FROM_IMAGE,INTRADAY_EXPLICIT,SOURCE_CARD_VISUALLY_IDENTIFIED,NORMAL_TAC_MASTER,,,2026-09-28T02:49:00+00:00
2026-09-14T12:57:00+00:00,2026-09-14T06:57:00-06:00,2026-09-14,06:57,SELL,Moon square Pluto,SHORT,TAC,BEAR,TAC_EVENT,TAC_OFFICIAL,OFFICIAL_TAC,True,DISPLAY_TAC_OFFICIAL_REFERENCE,RECOVERED_FROM_IMAGE,INTRADAY_EXPLICIT,SOURCE_CARD_VISUALLY_IDENTIFIED,NORMAL_TAC_MASTER,,,2026-09-28T02:49:00+00:00
2026-09-14T13:29:00+00:00,2026-09-14T07:29:00-06:00,2026-09-14,07:29,STRUCTURAL SELL,Sun conjoins Saturn,SHORT,TAC,BEAR,TAC_EVENT,TAC_OFFICIAL,OFFICIAL_TAC,True,DISPLAY_TAC_OFFICIAL_REFERENCE,RECOVERED_FROM_IMAGE,INTRADAY_EXPLICIT,SOURCE_CARD_VISUALLY_IDENTIFIED,NORMAL_TAC_MASTER,SOURCE_RISK,UNRESOLVED_HIGH_SALIENCE,2026-09-28T02:49:00+00:00
2026-09-14T17:20:00+00:00,2026-09-14T11:20:00-06:00,2026-09-14,11:20,C-TREND POP,Moon sextile Mars,CONTEXT,TAC,RISK,TAC_EVENT,TAC_OFFICIAL,OFFICIAL_TAC,True,DISPLAY_TAC_OFFICIAL_REFERENCE,RECOVERED_FROM_IMAGE,INTRADAY_EXPLICIT,SOURCE_CARD_VISUALLY_IDENTIFIED,NORMAL_TAC_MASTER,,,2026-09-28T02:49:00+00:00
2026-09-14T21:41:00+00:00,2026-09-14T15:41:00-06:00,2026-09-14,15:41,SELL,Venus square Mercury,SHORT,TAC,BEAR,TAC_EVENT,TAC_OFFICIAL,OFFICIAL_TAC,True,DISPLAY_TAC_OFFICIAL_REFERENCE,RECOVERED_FROM_IMAGE,INTRADAY_EXPLICIT,SOURCE_CARD_VISUALLY_IDENTIFIED,NORMAL_TAC_MASTER,,,2026-09-28T02:49:00+00:00
2026-09-14T23:30:00+00:00,2026-09-14T17:30:00-06:00,2026-09-14,17:30,SELL,Moon square ASC,SHORT,TAC,BEAR,TAC_EVENT,TAC_OFFICIAL,OFFICIAL_TAC,True,DISPLAY_TAC_OFFICIAL_REFERENCE,RECOVERED_FROM_IMAGE,INTRADAY_EXPLICIT,SOURCE_CARD_VISUALLY_IDENTIFIED,NORMAL_TAC_MASTER,,,2026-09-28T02:49:00+00:00
2026-09-15T08:29:00+00:00,2026-09-15T02:29:00-06:00,2026-09-15,02:29,C-TREND POP,Moon sextile Sun,CONTEXT,TAC,RISK,TAC_EVENT,TAC_OFFICIAL,OFFICIAL_TAC,True,DISPLAY_TAC_OFFICIAL_REFERENCE,RECOVERED_FROM_IMAGE,INTRADAY_EXPLICIT,SOURCE_CARD_VISUALLY_IDENTIFIED,NORMAL_TAC_MASTER,,,2026-09-28T02:49:00+00:00
2026-09-15T14:37:00+00:00,2026-09-15T08:37:00-06:00,2026-09-15,08:37,SELL,Moon square Jupiter,SHORT,TAC,BEAR,TAC_EVENT,TAC_OFFICIAL,OFFICIAL_TAC,True,DISPLAY_TAC_OFFICIAL_REFERENCE,RECOVERED_FROM_IMAGE,INTRADAY_EXPLICIT,SOURCE_CARD_VISUALLY_IDENTIFIED,NORMAL_TAC_MASTER,,,2026-09-28T02:49:00+00:00
2026-09-15T18:27:00+00:00,2026-09-15T12:27:00-06:00,2026-09-15,12:27,STRUCTURAL SELL,Venus square Pluto,SHORT,TAC,BEAR,TAC_EVENT,TAC_OFFICIAL,OFFICIAL_TAC,True,DISPLAY_TAC_OFFICIAL_REFERENCE,RECOVERED_FROM_IMAGE,INTRADAY_EXPLICIT,SOURCE_CARD_VISUALLY_IDENTIFIED,NORMAL_TAC_MASTER,SOURCE_BEAR,TACTICAL,2026-09-28T02:49:00+00:00
2026-09-15T19:44:00+00:00,2026-09-15T13:44:00-06:00,2026-09-15,13:44,COUNTER-TREND BUY,Moon trine Uranus,LONG,TAC,BULL,TAC_EVENT,TAC_OFFICIAL,OFFICIAL_TAC,True,DISPLAY_TAC_OFFICIAL_REFERENCE,RECOVERED_FROM_IMAGE,INTRADAY_EXPLICIT,SOURCE_CARD_VISUALLY_IDENTIFIED,NORMAL_TAC_MASTER,,,2026-09-28T02:49:00+00:00
2026-09-16T00:29:00+00:00,2026-09-15T18:29:00-06:00,2026-09-15,18:29,C-TREND POP,Moon sextile Saturn,CONTEXT,TAC,RISK,TAC_EVENT,TAC_OFFICIAL,OFFICIAL_TAC,True,DISPLAY_TAC_OFFICIAL_REFERENCE,RECOVERED_FROM_IMAGE,INTRADAY_EXPLICIT,SOURCE_CARD_VISUALLY_IDENTIFIED,NORMAL_TAC_MASTER,,,2026-09-28T02:49:00+00:00
2026-09-16T01:58:00+00:00,2026-09-15T19:58:00-06:00,2026-09-15,19:58,SELL,Moon square Neptune,SHORT,TAC,BEAR,TAC_EVENT,TAC_OFFICIAL,OFFICIAL_TAC,True,DISPLAY_TAC_OFFICIAL_REFERENCE,RECOVERED_FROM_IMAGE,INTRADAY_EXPLICIT,SOURCE_CARD_VISUALLY_IDENTIFIED,NORMAL_TAC_MASTER,,,2026-09-28T02:49:00+00:00
2026-09-16T02:31:00+00:00,2026-09-15T20:31:00-06:00,2026-09-15,20:31,COUNTER-TREND BUY,Moon trine Mars,LONG,TAC,BULL,TAC_EVENT,TAC_OFFICIAL,OFFICIAL_TAC,True,DISPLAY_TAC_OFFICIAL_REFERENCE,RECOVERED_FROM_IMAGE,INTRADAY_EXPLICIT,SOURCE_CARD_VISUALLY_IDENTIFIED,NORMAL_TAC_MASTER,,,2026-09-28T02:49:00+00:00
2026-09-16T15:50:00+00:00,2026-09-16T09:50:00-06:00,2026-09-16,09:50,C-TREND POP · VOID,Moon sextile Jupiter,CONTEXT,TAC,RISK,TAC_EVENT,TAC_OFFICIAL,OFFICIAL_TAC,True,DISPLAY_TAC_OFFICIAL_REFERENCE,RECOVERED_FROM_IMAGE,INTRADAY_EXPLICIT,SOURCE_CARD_VISUALLY_IDENTIFIED,NORMAL_TAC_MASTER,,,2026-09-28T02:49:00+00:00
2026-09-16T17:12:00+00:00,2026-09-16T11:12:00-06:00,2026-09-16,11:12,COUNTER-TREND SELL,Moon square Venus post-ingress,SHORT,TAC,BEAR,TAC_EVENT,TAC_OFFICIAL,OFFICIAL_TAC,True,DISPLAY_TAC_OFFICIAL_REFERENCE,RECOVERED_FROM_IMAGE,INTRADAY_EXPLICIT,SOURCE_CARD_VISUALLY_IDENTIFIED,NORMAL_TAC_MASTER,,,2026-09-28T02:49:00+00:00
2026-09-16T22:14:00+00:00,2026-09-16T16:14:00-06:00,2026-09-16,16:14,C-TREND DIP,Moon sextile Mercury,CONTEXT,TAC,RISK,TAC_EVENT,TAC_OFFICIAL,OFFICIAL_TAC,True,DISPLAY_TAC_OFFICIAL_REFERENCE,RECOVERED_FROM_IMAGE,INTRADAY_EXPLICIT,SOURCE_CARD_VISUALLY_IDENTIFIED,NORMAL_TAC_MASTER,,,2026-09-28T02:49:00+00:00
2026-09-16T23:08:00+00:00,2026-09-16T17:08:00-06:00,2026-09-16,17:08,BUY,Moon trine Neptune,LONG,TAC,BULL,TAC_EVENT,TAC_OFFICIAL,OFFICIAL_TAC,True,DISPLAY_TAC_OFFICIAL_REFERENCE,RECOVERED_FROM_IMAGE,INTRADAY_EXPLICIT,SOURCE_CARD_VISUALLY_IDENTIFIED,NORMAL_TAC_MASTER,,,2026-09-28T02:49:00+00:00
2026-09-16T23:09:00+00:00,2026-09-16T17:09:00-06:00,2026-09-16,17:09,C-TREND DIP,Moon sextile Pluto,CONTEXT,TAC,RISK,TAC_EVENT,TAC_OFFICIAL,OFFICIAL_TAC,True,DISPLAY_TAC_OFFICIAL_REFERENCE,RECOVERED_FROM_IMAGE,INTRADAY_EXPLICIT,SOURCE_CARD_VISUALLY_IDENTIFIED,NORMAL_TAC_MASTER,,,2026-09-28T02:49:00+00:00
2026-09-17T01:43:00+00:00,2026-09-16T19:43:00-06:00,2026-09-16,19:43,BUY,Moon trine natal Moon,LONG,TAC,BULL,TAC_EVENT,TAC_OFFICIAL,OFFICIAL_TAC,True,DISPLAY_TAC_OFFICIAL_REFERENCE,RECOVERED_FROM_IMAGE,INTRADAY_EXPLICIT,SOURCE_CARD_VISUALLY_IDENTIFIED,NORMAL_TAC_MASTER,,,2026-09-28T02:49:00+00:00
2026-09-17T03:58:00+00:00,2026-09-16T21:58:00-06:00,2026-09-16,21:58,COUNTER-TREND SELL,Moon opposition Uranus,SHORT,TAC,BEAR,TAC_EVENT,TAC_OFFICIAL,OFFICIAL_TAC,True,DISPLAY_TAC_OFFICIAL_REFERENCE,RECOVERED_FROM_IMAGE,INTRADAY_EXPLICIT,SOURCE_CARD_VISUALLY_IDENTIFIED,NORMAL_TAC_MASTER,,,2026-09-28T02:49:00+00:00
2026-09-17T10:17:00+00:00,2026-09-17T04:17:00-06:00,2026-09-17,04:17,BUY,Moon trine ASC,LONG,TAC,BULL,TAC_EVENT,TAC_OFFICIAL,OFFICIAL_TAC,True,DISPLAY_TAC_OFFICIAL_REFERENCE,RECOVERED_FROM_IMAGE,INTRADAY_EXPLICIT,SOURCE_CARD_VISUALLY_IDENTIFIED,NORMAL_TAC_MASTER,,,2026-09-28T02:49:00+00:00
2026-09-17T15:15:00+00:00,2026-09-17T09:15:00-06:00,2026-09-17,09:15,C-TREND DIP,Moon sextile Mercury,CONTEXT,TAC,RISK,TAC_EVENT,TAC_OFFICIAL,OFFICIAL_TAC,True,DISPLAY_TAC_OFFICIAL_REFERENCE,RECOVERED_FROM_IMAGE,INTRADAY_EXPLICIT,SOURCE_CARD_VISUALLY_IDENTIFIED,NORMAL_TAC_MASTER,,,2026-09-28T02:49:00+00:00
2026-09-17T17:47:00+00:00,2026-09-17T11:47:00-06:00,2026-09-17,11:47,BUY,Moon trine Saturn,LONG,TAC,BULL,TAC_EVENT,TAC_OFFICIAL,OFFICIAL_TAC,True,DISPLAY_TAC_OFFICIAL_REFERENCE,RECOVERED_FROM_IMAGE,INTRADAY_EXPLICIT,SOURCE_CARD_VISUALLY_IDENTIFIED,NORMAL_TAC_MASTER,,,2026-09-28T02:49:00+00:00
2026-09-18T03:01:00+00:00,2026-09-17T21:01:00-06:00,2026-09-17,21:01,BUY,Moon trine Jupiter,LONG,TAC,BULL,TAC_EVENT,TAC_OFFICIAL,OFFICIAL_TAC,True,DISPLAY_TAC_OFFICIAL_REFERENCE,RECOVERED_FROM_IMAGE,INTRADAY_EXPLICIT,SOURCE_CARD_VISUALLY_IDENTIFIED,NORMAL_TAC_MASTER,,,2026-09-28T02:49:00+00:00
2026-09-18T05:43:00+00:00,2026-09-17T23:43:00-06:00,2026-09-17,23:43,COUNTER-TREND BUY,Moon trine MC,LONG,TAC,BULL,TAC_EVENT,TAC_OFFICIAL,OFFICIAL_TAC,True,DISPLAY_TAC_OFFICIAL_REFERENCE,RECOVERED_FROM_IMAGE,INTRADAY_EXPLICIT,SOURCE_CARD_VISUALLY_IDENTIFIED,NORMAL_TAC_MASTER,,,2026-09-28T02:49:00+00:00
2026-09-18T07:20:00+00:00,2026-09-18T01:20:00-06:00,2026-09-18,01:20,SELL,Moon square Uranus,SHORT,TAC,BEAR,TAC_EVENT,TAC_OFFICIAL,OFFICIAL_TAC,True,DISPLAY_TAC_OFFICIAL_REFERENCE,RECOVERED_FROM_IMAGE,INTRADAY_EXPLICIT,SOURCE_CARD_VISUALLY_IDENTIFIED,NORMAL_TAC_MASTER,,,2026-09-28T02:49:00+00:00
2026-09-18T10:01:00+00:00,2026-09-18T04:01:00-06:00,2026-09-18,04:01,STRUCTURAL SELL,Mercury opposition Saturn,SHORT,TAC,BEAR,TAC_EVENT,TAC_OFFICIAL,OFFICIAL_TAC,True,DISPLAY_TAC_OFFICIAL_REFERENCE,RECOVERED_FROM_IMAGE,INTRADAY_EXPLICIT,SOURCE_CARD_VISUALLY_IDENTIFIED,NORMAL_TAC_MASTER,SOURCE_BEAR,TACTICAL,2026-09-28T02:49:00+00:00
2026-09-18T12:15:00+00:00,2026-09-18T06:15:00-06:00,2026-09-18,06:15,SELL,Moon square Saturn,SHORT,TAC,BEAR,TAC_EVENT,TAC_OFFICIAL,OFFICIAL_TAC,True,DISPLAY_TAC_OFFICIAL_REFERENCE,RECOVERED_FROM_IMAGE,INTRADAY_EXPLICIT,SOURCE_CARD_VISUALLY_IDENTIFIED,NORMAL_TAC_MASTER,,,2026-09-28T02:49:00+00:00
2026-09-18T13:47:00+00:00,2026-09-18T07:47:00-06:00,2026-09-18,07:47,C-TREND DIP,Moon sextile Neptune,CONTEXT,TAC,RISK,TAC_EVENT,TAC_OFFICIAL,OFFICIAL_TAC,True,DISPLAY_TAC_OFFICIAL_REFERENCE,RECOVERED_FROM_IMAGE,INTRADAY_EXPLICIT,SOURCE_CARD_VISUALLY_IDENTIFIED,NORMAL_TAC_MASTER,,,2026-09-28T02:49:00+00:00
2026-09-18T20:44:00+00:00,2026-09-18T14:44:00-06:00,2026-09-18,14:44,VOID · SELL,Moon square Sun at void start,SHORT,TAC,BEAR,TAC_EVENT,TAC_OFFICIAL,OFFICIAL_TAC,True,DISPLAY_TAC_OFFICIAL_REFERENCE,RECOVERED_FROM_IMAGE,INTRADAY_EXPLICIT,SOURCE_CARD_VISUALLY_IDENTIFIED,NORMAL_TAC_MASTER,,,2026-09-28T02:49:00+00:00
2026-09-19T01:10:00+00:00,2026-09-18T19:10:00-06:00,2026-09-18,19:10,VOID · SELL,Mercury square Sun,SHORT,TAC,BEAR,TAC_EVENT,TAC_OFFICIAL,OFFICIAL_TAC,True,DISPLAY_TAC_OFFICIAL_REFERENCE,RECOVERED_FROM_IMAGE,INTRADAY_EXPLICIT,SOURCE_CARD_VISUALLY_IDENTIFIED,NORMAL_TAC_MASTER,,,2026-09-28T02:49:00+00:00
2026-09-19T05:26:00+00:00,2026-09-18T23:26:00-06:00,2026-09-18,23:26,C-TREND POP,Moon sextile Venus post-ingress,CONTEXT,TAC,RISK,TAC_EVENT,TAC_OFFICIAL,OFFICIAL_TAC,True,DISPLAY_TAC_OFFICIAL_REFERENCE,RECOVERED_FROM_IMAGE,INTRADAY_EXPLICIT,SOURCE_CARD_VISUALLY_IDENTIFIED,NORMAL_TAC_MASTER,,,2026-09-28T02:49:00+00:00
2026-09-19T07:40:00+00:00,2026-09-19T01:40:00-06:00,2026-09-19,01:40,SELL,Moon conjoins Pluto in Capricorn,SHORT,TAC,BEAR,TAC_EVENT,TAC_OFFICIAL,OFFICIAL_TAC,True,DISPLAY_TAC_OFFICIAL_REFERENCE,RECOVERED_FROM_IMAGE,INTRADAY_EXPLICIT,SOURCE_CARD_VISUALLY_IDENTIFIED,NORMAL_TAC_MASTER,,,2026-09-28T02:49:00+00:00
2026-09-19T11:21:00+00:00,2026-09-19T05:21:00-06:00,2026-09-19,05:21,SELL,Moon square Neptune,SHORT,TAC,BEAR,TAC_EVENT,TAC_OFFICIAL,OFFICIAL_TAC,True,DISPLAY_TAC_OFFICIAL_REFERENCE,RECOVERED_FROM_IMAGE,INTRADAY_EXPLICIT,SOURCE_CARD_VISUALLY_IDENTIFIED,NORMAL_TAC_MASTER,,,2026-09-28T02:49:00+00:00
2026-09-19T14:07:00+00:00,2026-09-19T08:07:00-06:00,2026-09-19,08:07,SELL,Moon square natal Moon,SHORT,TAC,BEAR,TAC_EVENT,TAC_OFFICIAL,OFFICIAL_TAC,True,DISPLAY_TAC_OFFICIAL_REFERENCE,RECOVERED_FROM_IMAGE,INTRADAY_EXPLICIT,SOURCE_CARD_VISUALLY_IDENTIFIED,NORMAL_TAC_MASTER,,,2026-09-28T02:49:00+00:00
2026-09-19T15:28:00+00:00,2026-09-19T09:28:00-06:00,2026-09-19,09:28,C-TREND POP,Moon sextile Venus,CONTEXT,TAC,RISK,TAC_EVENT,TAC_OFFICIAL,OFFICIAL_TAC,True,DISPLAY_TAC_OFFICIAL_REFERENCE,RECOVERED_FROM_IMAGE,INTRADAY_EXPLICIT,SOURCE_CARD_VISUALLY_IDENTIFIED,NORMAL_TAC_MASTER,,,2026-09-28T02:49:00+00:00
2026-09-19T16:15:00+00:00,2026-09-19T10:15:00-06:00,2026-09-19,10:15,SELL,Moon conjoins Mars,SHORT,TAC,BEAR,TAC_EVENT,TAC_OFFICIAL,OFFICIAL_TAC,True,DISPLAY_TAC_OFFICIAL_REFERENCE,RECOVERED_FROM_IMAGE,INTRADAY_EXPLICIT,SOURCE_CARD_VISUALLY_IDENTIFIED,NORMAL_TAC_MASTER,,,2026-09-28T02:49:00+00:00
2026-09-20T06:00:00+00:00,2026-09-20T00:00:00-06:00,2026-09-20,00:00,SELL,Moon square Saturn,SHORT,TAC,BEAR,TAC_EVENT,TAC_OFFICIAL,OFFICIAL_TAC,True,DISPLAY_TAC_OFFICIAL_REFERENCE,RECOVERED_FROM_IMAGE,INTRADAY_EXPLICIT,SOURCE_CARD_VISUALLY_IDENTIFIED,NORMAL_TAC_MASTER,,,2026-09-28T02:49:00+00:00
2026-09-20T08:14:00+00:00,2026-09-20T02:14:00-06:00,2026-09-20,02:14,SELL,Moon activates natal Sun in Capricorn,SHORT,TAC,BEAR,TAC_EVENT,TAC_OFFICIAL,OFFICIAL_TAC,True,DISPLAY_TAC_OFFICIAL_REFERENCE,RECOVERED_FROM_IMAGE,INTRADAY_EXPLICIT,SOURCE_CARD_VISUALLY_IDENTIFIED,NORMAL_TAC_MASTER,,,2026-09-28T02:49:00+00:00
2026-09-20T12:43:00+00:00,2026-09-20T06:43:00-06:00,2026-09-20,06:43,C-TREND POP,Venus sextile Mars,CONTEXT,TAC,RISK,TAC_EVENT,TAC_OFFICIAL,OFFICIAL_TAC,True,DISPLAY_TAC_OFFICIAL_REFERENCE,RECOVERED_FROM_IMAGE,INTRADAY_EXPLICIT,SOURCE_CARD_VISUALLY_IDENTIFIED,NORMAL_TAC_MASTER,,,2026-09-28T02:49:00+00:00
2026-09-20T12:49:00+00:00,2026-09-20T06:49:00-06:00,2026-09-20,06:49,SELL,Moon square Mercury,SHORT,TAC,BEAR,TAC_EVENT,TAC_OFFICIAL,OFFICIAL_TAC,True,DISPLAY_TAC_OFFICIAL_REFERENCE,RECOVERED_FROM_IMAGE,INTRADAY_EXPLICIT,SOURCE_CARD_VISUALLY_IDENTIFIED,NORMAL_TAC_MASTER,,,2026-09-28T02:49:00+00:00
2026-09-20T18:19:00+00:00,2026-09-20T12:19:00-06:00,2026-09-20,12:19,SELL,Moon square MC,SHORT,TAC,BEAR,TAC_EVENT,TAC_OFFICIAL,OFFICIAL_TAC,True,DISPLAY_TAC_OFFICIAL_REFERENCE,RECOVERED_FROM_IMAGE,INTRADAY_EXPLICIT,SOURCE_CARD_VISUALLY_IDENTIFIED,NORMAL_TAC_MASTER,,,2026-09-28T02:49:00+00:00
2026-09-20T19:55:00+00:00,2026-09-20T13:55:00-06:00,2026-09-20,13:55,C-TREND POP,Moon sextile Uranus,CONTEXT,TAC,RISK,TAC_EVENT,TAC_OFFICIAL,OFFICIAL_TAC,True,DISPLAY_TAC_OFFICIAL_REFERENCE,RECOVERED_FROM_IMAGE,INTRADAY_EXPLICIT,SOURCE_CARD_VISUALLY_IDENTIFIED,NORMAL_TAC_MASTER,,,2026-09-28T02:49:00+00:00
2026-09-21T00:49:00+00:00,2026-09-20T18:49:00-06:00,2026-09-20,18:49,BUY,Moon trine Saturn,LONG,TAC,BULL,TAC_EVENT,TAC_OFFICIAL,OFFICIAL_TAC,True,DISPLAY_TAC_OFFICIAL_REFERENCE,RECOVERED_FROM_IMAGE,INTRADAY_EXPLICIT,SOURCE_CARD_VISUALLY_IDENTIFIED,NORMAL_TAC_MASTER,,,2026-09-28T02:49:00+00:00
2026-09-21T03:47:00+00:00,2026-09-20T21:47:00-06:00,2026-09-20,21:47,BUY,Moon trine ASC,LONG,TAC,BULL,TAC_EVENT,TAC_OFFICIAL,OFFICIAL_TAC,True,DISPLAY_TAC_OFFICIAL_REFERENCE,RECOVERED_FROM_IMAGE,INTRADAY_EXPLICIT,SOURCE_CARD_VISUALLY_IDENTIFIED,NORMAL_TAC_MASTER,,,2026-09-28T02:49:00+00:00
2026-09-21T09:17:00+00:00,2026-09-21T03:17:00-06:00,2026-09-21,03:17,SELL,Moon opposition Mars,SHORT,TAC,BEAR,TAC_EVENT,TAC_OFFICIAL,OFFICIAL_TAC,True,DISPLAY_TAC_OFFICIAL_REFERENCE,RECOVERED_FROM_IMAGE,INTRADAY_EXPLICIT,SOURCE_CARD_VISUALLY_IDENTIFIED,NORMAL_TAC_MASTER,,,2026-09-28T02:49:00+00:00
2026-09-21T14:32:00+00:00,2026-09-21T08:32:00-06:00,2026-09-21,08:32,BUY · VOID,Moon trine Sun at void start,LONG,TAC,BULL,TAC_EVENT,TAC_OFFICIAL,OFFICIAL_TAC,True,DISPLAY_TAC_OFFICIAL_REFERENCE,RECOVERED_FROM_IMAGE,INTRADAY_EXPLICIT,SOURCE_CARD_VISUALLY_IDENTIFIED,NORMAL_TAC_MASTER,,,2026-09-28T02:49:00+00:00
2026-09-21T16:23:00+00:00,2026-09-21T10:23:00-06:00,2026-09-21,10:23,BUY · VOID,Moon conjoins Jupiter,LONG,TAC,BULL,TAC_EVENT,TAC_OFFICIAL,OFFICIAL_TAC,True,DISPLAY_TAC_OFFICIAL_REFERENCE,RECOVERED_FROM_IMAGE,INTRADAY_EXPLICIT,SOURCE_CARD_VISUALLY_IDENTIFIED,NORMAL_TAC_MASTER,,,2026-09-28T02:49:00+00:00
2026-09-21T22:47:00+00:00,2026-09-21T16:47:00-06:00,2026-09-21,16:47,BUY,Moon conjoins Mercury in Aquarius,LONG,TAC,BULL,TAC_EVENT,TAC_OFFICIAL,OFFICIAL_TAC,True,DISPLAY_TAC_OFFICIAL_REFERENCE,RECOVERED_FROM_IMAGE,INTRADAY_EXPLICIT,SOURCE_CARD_VISUALLY_IDENTIFIED,NORMAL_TAC_MASTER,,,2026-09-28T02:49:00+00:00
2026-09-21T23:25:00+00:00,2026-09-21T17:25:00-06:00,2026-09-21,17:25,C-TREND POP,Moon sextile Neptune,CONTEXT,TAC,RISK,TAC_EVENT,TAC_OFFICIAL,OFFICIAL_TAC,True,DISPLAY_TAC_OFFICIAL_REFERENCE,RECOVERED_FROM_IMAGE,INTRADAY_EXPLICIT,SOURCE_CARD_VISUALLY_IDENTIFIED,NORMAL_TAC_MASTER,,,2026-09-28T02:49:00+00:00
2026-09-21T23:35:00+00:00,2026-09-21T17:35:00-06:00,2026-09-21,17:35,SELL,Moon conjoins Pluto,SHORT,TAC,BEAR,TAC_EVENT,TAC_OFFICIAL,OFFICIAL_TAC,True,DISPLAY_TAC_OFFICIAL_REFERENCE,RECOVERED_FROM_IMAGE,INTRADAY_EXPLICIT,SOURCE_CARD_VISUALLY_IDENTIFIED,NORMAL_TAC_MASTER,,,2026-09-28T02:49:00+00:00
2026-09-22T02:15:00+00:00,2026-09-21T20:15:00-06:00,2026-09-21,20:15,C-TREND POP,Moon sextile natal Moon,CONTEXT,TAC,RISK,TAC_EVENT,TAC_OFFICIAL,OFFICIAL_TAC,True,DISPLAY_TAC_OFFICIAL_REFERENCE,RECOVERED_FROM_IMAGE,INTRADAY_EXPLICIT,SOURCE_CARD_VISUALLY_IDENTIFIED,NORMAL_TAC_MASTER,,,2026-09-28T02:49:00+00:00
2026-09-22T04:24:00+00:00,2026-09-21T22:24:00-06:00,2026-09-21,22:24,BUY,Moon trine Uranus,LONG,TAC,BULL,TAC_EVENT,TAC_OFFICIAL,OFFICIAL_TAC,True,DISPLAY_TAC_OFFICIAL_REFERENCE,RECOVERED_FROM_IMAGE,INTRADAY_EXPLICIT,SOURCE_CARD_VISUALLY_IDENTIFIED,NORMAL_TAC_MASTER,,,2026-09-28T02:49:00+00:00
2026-09-22T05:41:00+00:00,2026-09-21T23:41:00-06:00,2026-09-21,23:41,SELL,Moon square Venus,SHORT,TAC,BEAR,TAC_EVENT,TAC_OFFICIAL,OFFICIAL_TAC,True,DISPLAY_TAC_OFFICIAL_REFERENCE,RECOVERED_FROM_IMAGE,INTRADAY_EXPLICIT,SOURCE_CARD_VISUALLY_IDENTIFIED,NORMAL_TAC_MASTER,,,2026-09-28T02:49:00+00:00
2026-09-22T08:34:00+00:00,2026-09-22T02:34:00-06:00,2026-09-22,02:34,SELL,Mercury opposition MC,SHORT,TAC,BEAR,TAC_EVENT,TAC_OFFICIAL,OFFICIAL_TAC,True,DISPLAY_TAC_OFFICIAL_REFERENCE,RECOVERED_FROM_IMAGE,INTRADAY_EXPLICIT,SOURCE_CARD_VISUALLY_IDENTIFIED,NORMAL_TAC_MASTER,,,2026-09-28T02:49:00+00:00
2026-09-22T10:41:00+00:00,2026-09-22T04:41:00-06:00,2026-09-22,04:41,SELL,Moon opposition ASC,SHORT,TAC,BEAR,TAC_EVENT,TAC_OFFICIAL,OFFICIAL_TAC,True,DISPLAY_TAC_OFFICIAL_REFERENCE,RECOVERED_FROM_IMAGE,INTRADAY_EXPLICIT,SOURCE_CARD_VISUALLY_IDENTIFIED,NORMAL_TAC_MASTER,,,2026-09-28T02:49:00+00:00
2026-09-22T13:19:00+00:00,2026-09-22T07:19:00-06:00,2026-09-22,07:19,STRUCTURAL BUY,Sun trine Jupiter,LONG,TAC,BULL,TAC_EVENT,TAC_OFFICIAL,OFFICIAL_TAC,True,DISPLAY_TAC_OFFICIAL_REFERENCE,RECOVERED_FROM_IMAGE,INTRADAY_EXPLICIT,SOURCE_CARD_VISUALLY_IDENTIFIED,NORMAL_TAC_MASTER,SOURCE_BULL,PRIMARY,2026-09-28T02:49:00+00:00
2026-09-22T17:18:00+00:00,2026-09-22T11:18:00-06:00,2026-09-22,11:18,C-TREND POP,Moon sextile Saturn,CONTEXT,TAC,RISK,TAC_EVENT,TAC_OFFICIAL,OFFICIAL_TAC,True,DISPLAY_TAC_OFFICIAL_REFERENCE,RECOVERED_FROM_IMAGE,INTRADAY_EXPLICIT,SOURCE_CARD_VISUALLY_IDENTIFIED,NORMAL_TAC_MASTER,,,2026-09-28T02:49:00+00:00
2026-09-23T00:06:00+00:00,2026-09-22T18:06:00-06:00,2026-09-22,18:06,SUN → LIBRA,Sun enters Libra,CONTEXT,TAC,RISK,TAC_EVENT,TAC_OFFICIAL,OFFICIAL_TAC,True,DISPLAY_TAC_OFFICIAL_REFERENCE,RECOVERED_FROM_IMAGE,INTRADAY_EXPLICIT,SOURCE_CARD_VISUALLY_IDENTIFIED,NORMAL_TAC_MASTER,,,2026-09-28T02:49:00+00:00
2026-09-23T04:48:00+00:00,2026-09-22T22:48:00-06:00,2026-09-22,22:48,SELL,Moon opposition Jupiter,SHORT,TAC,BEAR,TAC_EVENT,TAC_OFFICIAL,OFFICIAL_TAC,True,DISPLAY_TAC_OFFICIAL_REFERENCE,RECOVERED_FROM_IMAGE,INTRADAY_EXPLICIT,SOURCE_CARD_VISUALLY_IDENTIFIED,NORMAL_TAC_MASTER,,,2026-09-28T02:49:00+00:00
2026-09-23T05:31:00+00:00,2026-09-22T23:31:00-06:00,2026-09-22,23:31,C-TREND POP,Moon sextile MC,CONTEXT,TAC,RISK,TAC_EVENT,TAC_OFFICIAL,OFFICIAL_TAC,True,DISPLAY_TAC_OFFICIAL_REFERENCE,RECOVERED_FROM_IMAGE,INTRADAY_EXPLICIT,SOURCE_CARD_VISUALLY_IDENTIFIED,NORMAL_TAC_MASTER,,,2026-09-28T02:49:00+00:00
2026-09-23T08:19:00+00:00,2026-09-23T02:19:00-06:00,2026-09-23,02:19,BUY · VOID,Moon trine Mercury at void start,LONG,TAC,BULL,TAC_EVENT,TAC_OFFICIAL,OFFICIAL_TAC,True,DISPLAY_TAC_OFFICIAL_REFERENCE,RECOVERED_FROM_IMAGE,INTRADAY_EXPLICIT,SOURCE_CARD_VISUALLY_IDENTIFIED,NORMAL_TAC_MASTER,,,2026-09-28T02:49:00+00:00
2026-09-23T13:11:00+00:00,2026-09-23T07:11:00-06:00,2026-09-23,07:11,VOID · SELL,Moon conjoins Neptune,SHORT,TAC,BEAR,TAC_EVENT,TAC_OFFICIAL,OFFICIAL_TAC,True,DISPLAY_TAC_OFFICIAL_REFERENCE,RECOVERED_FROM_IMAGE,INTRADAY_EXPLICIT,SOURCE_CARD_VISUALLY_IDENTIFIED,NORMAL_TAC_MASTER,,,2026-09-28T02:49:00+00:00
2026-09-24T03:54:00+00:00,2026-09-23T21:54:00-06:00,2026-09-23,21:54,BUY,Moon conjoins Venus post-ingress,LONG,TAC,BULL,TAC_EVENT,TAC_OFFICIAL,OFFICIAL_TAC,True,DISPLAY_TAC_OFFICIAL_REFERENCE,RECOVERED_FROM_IMAGE,INTRADAY_EXPLICIT,SOURCE_CARD_VISUALLY_IDENTIFIED,NORMAL_TAC_MASTER,,,2026-09-28T02:49:00+00:00
2026-09-24T05:58:00+00:00,2026-09-23T23:58:00-06:00,2026-09-23,23:58,C-TREND DIP,Moon sextile Pluto,CONTEXT,TAC,RISK,TAC_EVENT,TAC_OFFICIAL,OFFICIAL_TAC,True,DISPLAY_TAC_OFFICIAL_REFERENCE,RECOVERED_FROM_IMAGE,INTRADAY_EXPLICIT,SOURCE_CARD_VISUALLY_IDENTIFIED,NORMAL_TAC_MASTER,,,2026-09-28T02:49:00+00:00
2026-09-24T09:18:00+00:00,2026-09-24T03:18:00-06:00,2026-09-24,03:18,STRUCTURAL SELL,Sun square Pluto,SHORT,TAC,BEAR,TAC_EVENT,TAC_OFFICIAL,OFFICIAL_TAC,True,DISPLAY_TAC_OFFICIAL_REFERENCE,RECOVERED_FROM_IMAGE,INTRADAY_EXPLICIT,SOURCE_CARD_VISUALLY_IDENTIFIED,NORMAL_TAC_MASTER,SOURCE_BEAR,DOMINANT,2026-09-28T02:49:00+00:00
2026-09-24T13:55:00+00:00,2026-09-24T07:55:00-06:00,2026-09-24,07:55,C-TREND DIP,Moon sextile Mars,CONTEXT,TAC,RISK,TAC_EVENT,TAC_OFFICIAL,OFFICIAL_TAC,True,DISPLAY_TAC_OFFICIAL_REFERENCE,RECOVERED_FROM_IMAGE,INTRADAY_EXPLICIT,SOURCE_CARD_VISUALLY_IDENTIFIED,NORMAL_TAC_MASTER,,,2026-09-28T02:49:00+00:00
2026-09-24T13:57:00+00:00,2026-09-24T07:57:00-06:00,2026-09-24,07:57,SELL,Moon square Uranus,SHORT,TAC,BEAR,TAC_EVENT,TAC_OFFICIAL,OFFICIAL_TAC,True,DISPLAY_TAC_OFFICIAL_REFERENCE,RECOVERED_FROM_IMAGE,INTRADAY_EXPLICIT,SOURCE_CARD_VISUALLY_IDENTIFIED,NORMAL_TAC_MASTER,,,2026-09-28T02:49:00+00:00
2026-09-24T16:47:00+00:00,2026-09-24T10:47:00-06:00,2026-09-24,10:47,BUY,Moon trine Venus,LONG,TAC,BULL,TAC_EVENT,TAC_OFFICIAL,OFFICIAL_TAC,True,DISPLAY_TAC_OFFICIAL_REFERENCE,RECOVERED_FROM_IMAGE,INTRADAY_EXPLICIT,SOURCE_CARD_VISUALLY_IDENTIFIED,NORMAL_TAC_MASTER,,,2026-09-28T02:49:00+00:00
2026-09-25T02:16:00+00:00,2026-09-24T20:16:00-06:00,2026-09-24,20:16,BUY,Mercury trine Neptune,LONG,TAC,BULL,TAC_EVENT,TAC_OFFICIAL,OFFICIAL_TAC,True,DISPLAY_TAC_OFFICIAL_REFERENCE,RECOVERED_FROM_IMAGE,INTRADAY_EXPLICIT,SOURCE_CARD_VISUALLY_IDENTIFIED,NORMAL_TAC_MASTER,,,2026-09-28T02:49:00+00:00
2026-09-25T03:23:00+00:00,2026-09-24T21:23:00-06:00,2026-09-24,21:23,BUY,Jupiter trine MC,LONG,TAC,BULL,TAC_EVENT,TAC_OFFICIAL,OFFICIAL_TAC,True,DISPLAY_TAC_OFFICIAL_REFERENCE,RECOVERED_FROM_IMAGE,INTRADAY_EXPLICIT,SOURCE_CARD_VISUALLY_IDENTIFIED,NORMAL_TAC_MASTER,SOURCE_BULL,STRUCTURAL,2026-09-28T02:49:00+00:00
2026-09-25T04:35:00+00:00,2026-09-24T22:35:00-06:00,2026-09-24,22:35,C-TREND DIP,Moon sextile Sun,CONTEXT,TAC,RISK,TAC_EVENT,TAC_OFFICIAL,OFFICIAL_TAC,True,DISPLAY_TAC_OFFICIAL_REFERENCE,RECOVERED_FROM_IMAGE,INTRADAY_EXPLICIT,SOURCE_CARD_VISUALLY_IDENTIFIED,NORMAL_TAC_MASTER,,,2026-09-28T02:49:00+00:00
2026-09-25T15:11:00+00:00,2026-09-25T09:11:00-06:00,2026-09-25,09:11,SELL,Moon conjoins Uranus,SHORT,TAC,BEAR,TAC_EVENT,TAC_OFFICIAL,OFFICIAL_TAC,True,DISPLAY_TAC_OFFICIAL_REFERENCE,RECOVERED_FROM_IMAGE,INTRADAY_EXPLICIT,SOURCE_CARD_VISUALLY_IDENTIFIED,NORMAL_TAC_MASTER,,,2026-09-28T02:49:00+00:00
2026-09-25T19:36:00+00:00,2026-09-25T13:36:00-06:00,2026-09-25,13:36,SELL,Moon opposition Saturn,SHORT,TAC,BEAR,TAC_EVENT,TAC_OFFICIAL,OFFICIAL_TAC,True,DISPLAY_TAC_OFFICIAL_REFERENCE,RECOVERED_FROM_IMAGE,INTRADAY_EXPLICIT,SOURCE_CARD_VISUALLY_IDENTIFIED,NORMAL_TAC_MASTER,,,2026-09-28T02:49:00+00:00
2026-09-25T20:36:00+00:00,2026-09-25T14:36:00-06:00,2026-09-25,14:36,COUNTER-TREND BUY,Sun trine Mercury,LONG,TAC,BULL,TAC_EVENT,TAC_OFFICIAL,OFFICIAL_TAC,True,DISPLAY_TAC_OFFICIAL_REFERENCE,RECOVERED_FROM_IMAGE,INTRADAY_EXPLICIT,SOURCE_CARD_VISUALLY_IDENTIFIED,NORMAL_TAC_MASTER,,,2026-09-28T02:49:00+00:00
2026-09-26T01:37:00+00:00,2026-09-25T19:37:00-06:00,2026-09-25,19:37,STRUCTURAL SELL,Sun opposition Neptune,SHORT,TAC,BEAR,TAC_EVENT,TAC_OFFICIAL,OFFICIAL_TAC,True,DISPLAY_TAC_OFFICIAL_REFERENCE,RECOVERED_FROM_IMAGE,INTRADAY_EXPLICIT,SOURCE_CARD_VISUALLY_IDENTIFIED,NORMAL_TAC_MASTER,SOURCE_RISK,TACTICAL,2026-09-28T02:49:00+00:00
2026-09-26T05:30:00+00:00,2026-09-25T23:30:00-06:00,2026-09-25,23:30,STRUCTURAL BUY,Sun trine Pluto,LONG,TAC,BULL,TAC_EVENT,TAC_OFFICIAL,OFFICIAL_TAC,True,DISPLAY_TAC_OFFICIAL_REFERENCE,RECOVERED_FROM_IMAGE,INTRADAY_EXPLICIT,SOURCE_CARD_VISUALLY_IDENTIFIED,NORMAL_TAC_MASTER,SOURCE_BULL,TACTICAL,2026-09-28T02:49:00+00:00
2026-09-26T08:33:00+00:00,2026-09-26T02:33:00-06:00,2026-09-26,02:33,BUY · VOID,Moon trine Mars at void start,LONG,TAC,BULL,TAC_EVENT,TAC_OFFICIAL,OFFICIAL_TAC,True,DISPLAY_TAC_OFFICIAL_REFERENCE,RECOVERED_FROM_IMAGE,INTRADAY_EXPLICIT,SOURCE_CARD_VISUALLY_IDENTIFIED,NORMAL_TAC_MASTER,,,2026-09-28T02:49:00+00:00
2026-09-26T09:37:00+00:00,2026-09-26T03:37:00-06:00,2026-09-26,03:37,C-TREND DIP · VOID,Moon sextile Jupiter,CONTEXT,TAC,RISK,TAC_EVENT,TAC_OFFICIAL,OFFICIAL_TAC,True,DISPLAY_TAC_OFFICIAL_REFERENCE,RECOVERED_FROM_IMAGE,INTRADAY_EXPLICIT,SOURCE_CARD_VISUALLY_IDENTIFIED,NORMAL_TAC_MASTER,,,2026-09-28T02:49:00+00:00
2026-09-26T12:49:00+00:00,2026-09-26T06:49:00-06:00,2026-09-26,06:49,SELL,Moon square Pluto post-ingress,SHORT,TAC,BEAR,TAC_EVENT,TAC_OFFICIAL,OFFICIAL_TAC,True,DISPLAY_TAC_OFFICIAL_REFERENCE,RECOVERED_FROM_IMAGE,INTRADAY_EXPLICIT,SOURCE_CARD_VISUALLY_IDENTIFIED,NORMAL_TAC_MASTER,,,2026-09-28T02:49:00+00:00
2026-09-26T15:42:00+00:00,2026-09-26T09:42:00-06:00,2026-09-26,09:42,SELL,Moon conjoins Neptune,SHORT,TAC,BEAR,TAC_EVENT,TAC_OFFICIAL,OFFICIAL_TAC,True,DISPLAY_TAC_OFFICIAL_REFERENCE,RECOVERED_FROM_IMAGE,INTRADAY_EXPLICIT,SOURCE_CARD_VISUALLY_IDENTIFIED,NORMAL_TAC_MASTER,,,2026-09-28T02:49:00+00:00
2026-09-26T16:50:00+00:00,2026-09-26T10:50:00-06:00,2026-09-26,10:50,FULL MOON,Moon opposition Sun · Full Moon in Aries,CONTEXT,TAC,RISK,TAC_EVENT,TAC_OFFICIAL,OFFICIAL_TAC,True,DISPLAY_TAC_OFFICIAL_REFERENCE,RECOVERED_FROM_IMAGE,INTRADAY_EXPLICIT,SOURCE_CARD_VISUALLY_IDENTIFIED,NORMAL_TAC_MASTER,SOURCE_RISK,PRIMARY_EXIT,2026-09-28T02:49:00+00:00
2026-09-26T18:28:00+00:00,2026-09-26T12:28:00-06:00,2026-09-26,12:28,BUY,Moon conjoins natal Moon,LONG,TAC,BULL,TAC_EVENT,TAC_OFFICIAL,OFFICIAL_TAC,True,DISPLAY_TAC_OFFICIAL_REFERENCE,RECOVERED_FROM_IMAGE,INTRADAY_EXPLICIT,SOURCE_CARD_VISUALLY_IDENTIFIED,NORMAL_TAC_MASTER,,,2026-09-28T02:49:00+00:00
2026-09-26T20:20:00+00:00,2026-09-26T14:20:00-06:00,2026-09-26,14:20,SELL,Moon square Mars,SHORT,TAC,BEAR,TAC_EVENT,TAC_OFFICIAL,OFFICIAL_TAC,True,DISPLAY_TAC_OFFICIAL_REFERENCE,RECOVERED_FROM_IMAGE,INTRADAY_EXPLICIT,SOURCE_CARD_VISUALLY_IDENTIFIED,NORMAL_TAC_MASTER,,,2026-09-28T02:49:00+00:00
2026-09-27T02:02:00+00:00,2026-09-26T20:02:00-06:00,2026-09-26,20:02,BUY,Moon trine ASC,LONG,TAC,BULL,TAC_EVENT,TAC_OFFICIAL,OFFICIAL_TAC,True,DISPLAY_TAC_OFFICIAL_REFERENCE,RECOVERED_FROM_IMAGE,INTRADAY_EXPLICIT,SOURCE_CARD_VISUALLY_IDENTIFIED,NORMAL_TAC_MASTER,,,2026-09-28T02:49:00+00:00
2026-09-27T07:21:00+00:00,2026-09-27T01:21:00-06:00,2026-09-27,01:21,SELL,Moon conjoins Saturn,SHORT,TAC,BEAR,TAC_EVENT,TAC_OFFICIAL,OFFICIAL_TAC,True,DISPLAY_TAC_OFFICIAL_REFERENCE,RECOVERED_FROM_IMAGE,INTRADAY_EXPLICIT,SOURCE_CARD_VISUALLY_IDENTIFIED,NORMAL_TAC_MASTER,,,2026-09-28T02:49:00+00:00
2026-09-27T08:56:00+00:00,2026-09-27T02:56:00-06:00,2026-09-27,02:56,STRUCTURAL SELL,Mars opposition Jupiter,SHORT,TAC,BEAR,TAC_EVENT,TAC_OFFICIAL,OFFICIAL_TAC,True,DISPLAY_TAC_OFFICIAL_REFERENCE,RECOVERED_FROM_IMAGE,INTRADAY_EXPLICIT,SOURCE_CARD_VISUALLY_IDENTIFIED,NORMAL_TAC_MASTER,SOURCE_BEAR,DOMINANT,2026-09-28T02:49:00+00:00
2026-09-27T10:14:00+00:00,2026-09-27T04:14:00-06:00,2026-09-27,04:14,SELL,Moon square Sun,SHORT,TAC,BEAR,TAC_EVENT,TAC_OFFICIAL,OFFICIAL_TAC,True,DISPLAY_TAC_OFFICIAL_REFERENCE,RECOVERED_FROM_IMAGE,INTRADAY_EXPLICIT,SOURCE_CARD_VISUALLY_IDENTIFIED,NORMAL_TAC_MASTER,,,2026-09-28T02:49:00+00:00
2026-09-27T15:30:00+00:00,2026-09-27T09:30:00-06:00,2026-09-27,09:30,SELL,Sun opposition natal Moon,SHORT,TAC,BEAR,TAC_EVENT,TAC_OFFICIAL,OFFICIAL_TAC,True,DISPLAY_TAC_OFFICIAL_REFERENCE,RECOVERED_FROM_IMAGE,INTRADAY_EXPLICIT,SOURCE_CARD_VISUALLY_IDENTIFIED,NORMAL_TAC_MASTER,,,2026-09-28T02:49:00+00:00
2026-09-27T18:56:00+00:00,2026-09-27T12:56:00-06:00,2026-09-27,12:56,SELL,Moon conjoins MC,SHORT,TAC,BEAR,TAC_EVENT,TAC_OFFICIAL,OFFICIAL_TAC,True,DISPLAY_TAC_OFFICIAL_REFERENCE,RECOVERED_FROM_IMAGE,INTRADAY_EXPLICIT,SOURCE_CARD_VISUALLY_IDENTIFIED,NORMAL_TAC_MASTER,,,2026-09-28T02:49:00+00:00
2026-09-27T19:47:00+00:00,2026-09-27T13:47:00-06:00,2026-09-27,13:47,COUNTER-TREND BUY,Moon trine Jupiter,LONG,TAC,BULL,TAC_EVENT,TAC_OFFICIAL,OFFICIAL_TAC,True,DISPLAY_TAC_OFFICIAL_REFERENCE,RECOVERED_FROM_IMAGE,INTRADAY_EXPLICIT,SOURCE_CARD_VISUALLY_IDENTIFIED,NORMAL_TAC_MASTER,,,2026-09-28T02:49:00+00:00
2026-09-28T01:50:00+00:00,2026-09-27T19:50:00-06:00,2026-09-27,19:50,MINOR,Moon sextile Neptune,CONTEXT,TAC,RISK,TAC_EVENT,TAC_OFFICIAL,OFFICIAL_TAC,True,DISPLAY_TAC_OFFICIAL_REFERENCE,RECOVERED_FROM_IMAGE,INTRADAY_EXPLICIT,SOURCE_CARD_VISUALLY_IDENTIFIED,NORMAL_TAC_MASTER,,,2026-09-28T02:49:00+00:00
2026-09-28T02:49:00+00:00,2026-09-27T20:49:00-06:00,2026-09-27,20:49,MARS → LEO,Mars enters Leo,CONTEXT,TAC,RISK,TAC_EVENT,TAC_OFFICIAL,OFFICIAL_TAC,True,DISPLAY_TAC_OFFICIAL_REFERENCE,RECOVERED_FROM_IMAGE,INTRADAY_EXPLICIT,SOURCE_CARD_VISUALLY_IDENTIFIED,NORMAL_TAC_MASTER,,,2026-09-28T02:49:00+00:00
2026-09-28T14:40:40.314389+00:00,2026-09-28T08:40:40.314389-06:00,2026-09-28,08:40,SOURCE_BULL,Moon ingress Taurus (-10) | CLEAR Aries VOC/Caution,LONG,TRANSITION,BULL,EVENT,FORK_PROVISIONAL,PROVISIONAL_FORK,False,DISPLAY_FORK_PROVISIONAL_ONLY,SOURCE_RECONSTRUCTION,INDEPENDENT_RECONSTRUCTION_V1,RECONSTRUCTED_KNOWN_SOURCE,SOURCE_RECONSTRUCTION,,,2026-09-28T02:49:00+00:00
2026-09-28T16:21:32.666443+00:00,2026-09-28T10:21:32.666443-06:00,2026-09-28,10:21,SOURCE_BULL,Sun TRINE Uranus,LONG,TACTICAL,BULL,EVENT,FORK_PROVISIONAL,PROVISIONAL_FORK,False,DISPLAY_FORK_PROVISIONAL_ONLY,SOURCE_RECONSTRUCTION,INDEPENDENT_RECONSTRUCTION_V1,RECONSTRUCTED_KNOWN_SOURCE,SOURCE_RECONSTRUCTION,,,2026-09-28T02:49:00+00:00
2026-09-28T17:17:48.068800+00:00,2026-09-28T11:17:48.068800-06:00,2026-09-28,11:17,SOURCE_RISK,Sun SQUARE natal Mars,WAIT,UNRESOLVED_HIGH_SALIENCE,RISK,EVENT,FORK_PROVISIONAL,PROVISIONAL_FORK,False,DISPLAY_FORK_PROVISIONAL_ONLY,SOURCE_RECONSTRUCTION,INDEPENDENT_RECONSTRUCTION_V1,RECONSTRUCTED_KNOWN_SOURCE,SOURCE_RECONSTRUCTION,,,2026-09-28T02:49:00+00:00
2026-09-30T17:26:14.168440+00:00,2026-09-30T11:26:14.168440-06:00,2026-09-30,11:26,SOURCE_CLEAR,CLEAR Taurus VOC/Caution,WAIT,TRANSITION,RISK,VOC_CLEAR,FORK_PROVISIONAL,PROVISIONAL_FORK,False,DISPLAY_FORK_PROVISIONAL_ONLY,SOURCE_RECONSTRUCTION,INDEPENDENT_RECONSTRUCTION_V1,RECONSTRUCTED_KNOWN_SOURCE,SOURCE_RECONSTRUCTION,,,2026-09-28T02:49:00+00:00
2026-10-02T09:14:17.164490+00:00,2026-10-02T03:14:17.164490-06:00,2026-10-02,03:14,SOURCE_BEAR,Mercury SQUARE Mars,SHORT,PRIMARY,BEAR,EVENT,FORK_PROVISIONAL,PROVISIONAL_FORK,False,DISPLAY_FORK_PROVISIONAL_ONLY,SOURCE_RECONSTRUCTION,INDEPENDENT_RECONSTRUCTION_V1,RECONSTRUCTED_KNOWN_SOURCE,SOURCE_RECONSTRUCTION,,,2026-09-28T02:49:00+00:00
2026-10-02T19:54:00.567004+00:00,2026-10-02T13:54:00.567004-06:00,2026-10-02,13:54,SOURCE_BULL,Moon ingress Cancer (-10) | CLEAR Gemini VOC/Caution,LONG,TRANSITION,BULL,EVENT,FORK_PROVISIONAL,PROVISIONAL_FORK,False,DISPLAY_FORK_PROVISIONAL_ONLY,SOURCE_RECONSTRUCTION,INDEPENDENT_RECONSTRUCTION_V1,RECONSTRUCTED_KNOWN_SOURCE,SOURCE_RECONSTRUCTION,,,2026-09-28T02:49:00+00:00
2026-10-02T20:42:46.496176+00:00,2026-10-02T14:42:46.496176-06:00,2026-10-02,14:42,SOURCE_BEAR,Mercury SQUARE Pluto,SHORT,TACTICAL,BEAR,EVENT,FORK_PROVISIONAL,PROVISIONAL_FORK,False,DISPLAY_FORK_PROVISIONAL_ONLY,SOURCE_RECONSTRUCTION,INDEPENDENT_RECONSTRUCTION_V1,RECONSTRUCTED_KNOWN_SOURCE,SOURCE_RECONSTRUCTION,,,2026-09-28T02:49:00+00:00
2026-10-02T21:41:10.546982+00:00,2026-10-02T15:41:10.546982-06:00,2026-10-02,15:41,SOURCE_BEAR,Mars OPPOSITION natal Mercury,SHORT,PRIMARY,BEAR,EVENT,FORK_PROVISIONAL,PROVISIONAL_FORK,False,DISPLAY_FORK_PROVISIONAL_ONLY,SOURCE_RECONSTRUCTION,INDEPENDENT_RECONSTRUCTION_V1,RECONSTRUCTED_KNOWN_SOURCE,SOURCE_RECONSTRUCTION,,,2026-09-28T02:49:00+00:00
2026-10-03T10:38:40.244277+00:00,2026-10-03T04:38:40.244277-06:00,2026-10-03,04:38,SOURCE_BEAR,Mars OPPOSITION Pluto,SHORT,DOMINANT,BEAR,EVENT,FORK_PROVISIONAL,PROVISIONAL_FORK,False,DISPLAY_FORK_PROVISIONAL_ONLY,SOURCE_RECONSTRUCTION,INDEPENDENT_RECONSTRUCTION_V1,RECONSTRUCTED_KNOWN_SOURCE,SOURCE_RECONSTRUCTION,,,2026-09-28T02:49:00+00:00
2026-10-03T13:25:04.913670+00:00,2026-10-03T07:25:04.913670-06:00,2026-10-03,07:25,SOURCE_RISK,LAST_QUARTER,WAIT,PRIMARY_EXIT,RISK,EVENT,FORK_PROVISIONAL,PROVISIONAL_FORK,False,DISPLAY_FORK_PROVISIONAL_ONLY,SOURCE_RECONSTRUCTION,INDEPENDENT_RECONSTRUCTION_V1,RECONSTRUCTED_KNOWN_SOURCE,SOURCE_RECONSTRUCTION,,,2026-09-28T02:49:00+00:00
2026-10-04T12:28:51.398782+00:00,2026-10-04T06:28:51.398782-06:00,2026-10-04,06:28,SOURCE_RISK,Sun OPPOSITION Saturn,WAIT,TACTICAL,RISK,EVENT,FORK_PROVISIONAL,PROVISIONAL_FORK,False,DISPLAY_FORK_PROVISIONAL_ONLY,SOURCE_RECONSTRUCTION,INDEPENDENT_RECONSTRUCTION_V1,RECONSTRUCTED_KNOWN_SOURCE,SOURCE_RECONSTRUCTION,,,2026-09-28T02:49:00+00:00
2026-10-04T22:54:04.049265+00:00,2026-10-04T16:54:04.049265-06:00,2026-10-04,16:54,SOURCE_CLEAR,CLEAR Cancer VOC/Caution,WAIT,TRANSITION,RISK,VOC_CLEAR,FORK_PROVISIONAL,PROVISIONAL_FORK,False,DISPLAY_FORK_PROVISIONAL_ONLY,SOURCE_RECONSTRUCTION,INDEPENDENT_RECONSTRUCTION_V1,RECONSTRUCTED_KNOWN_SOURCE,SOURCE_RECONSTRUCTION,,,2026-09-28T02:49:00+00:00
2026-10-06T18:21:17.466151+00:00,2026-10-06T12:21:17.466151-06:00,2026-10-06,12:21,SOURCE_RISK,Sun SQUARE natal Sun,WAIT,UNRESOLVED_HIGH_SALIENCE,RISK,EVENT,FORK_PROVISIONAL,PROVISIONAL_FORK,False,DISPLAY_FORK_PROVISIONAL_ONLY,SOURCE_RECONSTRUCTION,INDEPENDENT_RECONSTRUCTION_V1,STRICT_UNSEEN,SOURCE_RECONSTRUCTION,,,2026-09-28T02:49:00+00:00
2026-10-07T02:52:21.640787+00:00,2026-10-06T20:52:21.640787-06:00,2026-10-06,20:52,SOURCE_BEAR,Moon ingress Virgo (+15) | CLEAR Leo VOC/Caution,SHORT,TRANSITION,BEAR,EVENT,FORK_PROVISIONAL,PROVISIONAL_FORK,False,DISPLAY_FORK_PROVISIONAL_ONLY,SOURCE_RECONSTRUCTION,INDEPENDENT_RECONSTRUCTION_V1,STRICT_UNSEEN,SOURCE_RECONSTRUCTION,,,2026-09-28T02:49:00+00:00
2026-10-09T08:10:43.905607+00:00,2026-10-09T02:10:43.905607-06:00,2026-10-09,02:10,SOURCE_CLEAR,CLEAR Virgo VOC/Caution,WAIT,TRANSITION,RISK,VOC_CLEAR,FORK_PROVISIONAL,PROVISIONAL_FORK,False,DISPLAY_FORK_PROVISIONAL_ONLY,SOURCE_RECONSTRUCTION,INDEPENDENT_RECONSTRUCTION_V1,STRICT_UNSEEN,SOURCE_RECONSTRUCTION,,,2026-09-28T02:49:00+00:00
2026-10-10T15:50:18.596885+00:00,2026-10-10T09:50:18.596885-06:00,2026-10-10,09:50,SOURCE_RISK,NEW_MOON,WAIT,PRIMARY_EXIT,RISK,EVENT,FORK_PROVISIONAL,PROVISIONAL_FORK,False,DISPLAY_FORK_PROVISIONAL_ONLY,SOURCE_RECONSTRUCTION,INDEPENDENT_RECONSTRUCTION_V1,STRICT_UNSEEN,SOURCE_RECONSTRUCTION,,,2026-09-28T02:49:00+00:00
2026-10-11T15:21:06.873708+00:00,2026-10-11T09:21:06.873708-06:00,2026-10-11,09:21,SOURCE_BEAR,Moon ingress Scorpio (+12) | CLEAR Libra VOC/Caution,SHORT,TRANSITION,BEAR,EVENT,FORK_PROVISIONAL,PROVISIONAL_FORK,False,DISPLAY_FORK_PROVISIONAL_ONLY,SOURCE_RECONSTRUCTION,INDEPENDENT_RECONSTRUCTION_V1,STRICT_UNSEEN,SOURCE_RECONSTRUCTION,,,2026-09-28T02:49:00+00:00
2026-10-14T00:59:19.705384+00:00,2026-10-13T18:59:19.705384-06:00,2026-10-13,18:59,SOURCE_BULL,Moon ingress Sagittarius (-15) | CLEAR Scorpio VOC/Caution,LONG,TRANSITION,BULL,EVENT,FORK_PROVISIONAL,PROVISIONAL_FORK,False,DISPLAY_FORK_PROVISIONAL_ONLY,SOURCE_RECONSTRUCTION,INDEPENDENT_RECONSTRUCTION_V1,STRICT_UNSEEN,SOURCE_RECONSTRUCTION,,,2026-09-28T02:49:00+00:00
2026-10-16T12:57:04.922360+00:00,2026-10-16T06:57:04.922360-06:00,2026-10-16,06:57,SOURCE_BEAR,Moon ingress Capricorn (+8) | CLEAR Sagittarius VOC/Caution,SHORT,TRANSITION,BEAR,EVENT,FORK_PROVISIONAL,PROVISIONAL_FORK,False,DISPLAY_FORK_PROVISIONAL_ONLY,SOURCE_RECONSTRUCTION,INDEPENDENT_RECONSTRUCTION_V1,STRICT_UNSEEN,SOURCE_RECONSTRUCTION,,,2026-09-28T02:49:00+00:00
2026-10-18T16:12:44.081506+00:00,2026-10-18T10:12:44.081506-06:00,2026-10-18,10:12,SOURCE_RISK,FIRST_QUARTER,WAIT,TACTICAL,RISK,EVENT,FORK_PROVISIONAL,PROVISIONAL_FORK,False,DISPLAY_FORK_PROVISIONAL_ONLY,SOURCE_RECONSTRUCTION,INDEPENDENT_RECONSTRUCTION_V1,STRICT_UNSEEN,SOURCE_RECONSTRUCTION,,,2026-09-28T02:49:00+00:00
2026-10-18T22:33:36.828299+00:00,2026-10-18T16:33:36.828299-06:00,2026-10-18,16:33,SOURCE_BULL,Mercury TRINE natal Uranus,LONG,PRIMARY,BULL,EVENT,FORK_PROVISIONAL,PROVISIONAL_FORK,False,DISPLAY_FORK_PROVISIONAL_ONLY,SOURCE_RECONSTRUCTION,INDEPENDENT_RECONSTRUCTION_V1,STRICT_UNSEEN,SOURCE_RECONSTRUCTION,,,2026-09-28T02:49:00+00:00
2026-10-19T01:39:19.711827+00:00,2026-10-18T19:39:19.711827-06:00,2026-10-18,19:39,SOURCE_CLEAR,CLEAR Capricorn VOC/Caution,WAIT,TRANSITION,RISK,VOC_CLEAR,FORK_PROVISIONAL,PROVISIONAL_FORK,False,DISPLAY_FORK_PROVISIONAL_ONLY,SOURCE_RECONSTRUCTION,INDEPENDENT_RECONSTRUCTION_V1,STRICT_UNSEEN,SOURCE_RECONSTRUCTION,,,2026-09-28T02:49:00+00:00
2026-10-20T06:56:37.512806+00:00,2026-10-20T00:56:37.512806-06:00,2026-10-20,00:56,SOURCE_BEAR,Venus SQUARE Pluto,SHORT,TACTICAL,BEAR,EVENT,FORK_PROVISIONAL,PROVISIONAL_FORK,False,DISPLAY_FORK_PROVISIONAL_ONLY,SOURCE_RECONSTRUCTION,INDEPENDENT_RECONSTRUCTION_V1,STRICT_UNSEEN,SOURCE_RECONSTRUCTION,,,2026-09-28T02:49:00+00:00
2026-10-21T12:35:16.718427+00:00,2026-10-21T06:35:16.718427-06:00,2026-10-21,06:35,SOURCE_BULL,Moon ingress Pisces (-8) | CLEAR Aquarius VOC/Caution,LONG,TRANSITION,BULL,EVENT,FORK_PROVISIONAL,PROVISIONAL_FORK,False,DISPLAY_FORK_PROVISIONAL_ONLY,SOURCE_RECONSTRUCTION,INDEPENDENT_RECONSTRUCTION_V1,STRICT_UNSEEN,SOURCE_RECONSTRUCTION,,,2026-09-28T02:49:00+00:00
2026-10-23T19:53:39.227921+00:00,2026-10-23T13:53:39.227921-06:00,2026-10-23,13:53,SOURCE_CLEAR,CLEAR Pisces VOC/Caution,WAIT,TRANSITION,RISK,VOC_CLEAR,FORK_PROVISIONAL,PROVISIONAL_FORK,False,DISPLAY_FORK_PROVISIONAL_ONLY,SOURCE_RECONSTRUCTION,INDEPENDENT_RECONSTRUCTION_V1,STRICT_UNSEEN,SOURCE_RECONSTRUCTION,,,2026-09-28T02:49:00+00:00
2026-10-25T23:34:41.311450+00:00,2026-10-25T17:34:41.311450-06:00,2026-10-25,17:34,SOURCE_BULL,Moon ingress Taurus (-10) | CLEAR Aries VOC/Caution,LONG,TRANSITION,BULL,EVENT,FORK_PROVISIONAL,PROVISIONAL_FORK,False,DISPLAY_FORK_PROVISIONAL_ONLY,SOURCE_RECONSTRUCTION,INDEPENDENT_RECONSTRUCTION_V1,STRICT_UNSEEN,SOURCE_RECONSTRUCTION,,,2026-09-28T02:49:00+00:00
2026-10-26T04:11:54.841153+00:00,2026-10-25T22:11:54.841153-06:00,2026-10-25,22:11,SOURCE_RISK,FULL_MOON,WAIT,PRIMARY_EXIT,RISK,EVENT,FORK_PROVISIONAL,PROVISIONAL_FORK,False,DISPLAY_FORK_PROVISIONAL_ONLY,SOURCE_RECONSTRUCTION,INDEPENDENT_RECONSTRUCTION_V1,STRICT_UNSEEN,SOURCE_RECONSTRUCTION,,,2026-09-28T02:49:00+00:00
2026-10-26T12:11:25.356611+00:00,2026-10-26T06:11:25.356611-06:00,2026-10-26,06:11,SOURCE_RISK,Sun SQUARE Pluto,WAIT,TACTICAL,RISK,EVENT,FORK_PROVISIONAL,PROVISIONAL_FORK,False,DISPLAY_FORK_PROVISIONAL_ONLY,SOURCE_RECONSTRUCTION,INDEPENDENT_RECONSTRUCTION_V1,STRICT_UNSEEN,SOURCE_RECONSTRUCTION,,,2026-09-28T02:49:00+00:00
2026-10-28T01:01:48.203933+00:00,2026-10-27T19:01:48.203933-06:00,2026-10-27,19:01,SOURCE_CLEAR,CLEAR Taurus VOC/Caution,WAIT,TRANSITION,RISK,VOC_CLEAR,FORK_PROVISIONAL,PROVISIONAL_FORK,False,DISPLAY_FORK_PROVISIONAL_ONLY,SOURCE_RECONSTRUCTION,INDEPENDENT_RECONSTRUCTION_V1,STRICT_UNSEEN,SOURCE_RECONSTRUCTION,,,2026-09-28T02:49:00+00:00
2026-10-29T02:28:37.602510+00:00,2026-10-28T20:28:37.602510-06:00,2026-10-28,20:28,SOURCE_BULL,Mercury TRINE natal Uranus,LONG,PRIMARY,BULL,EVENT,FORK_PROVISIONAL,PROVISIONAL_FORK,False,DISPLAY_FORK_PROVISIONAL_ONLY,SOURCE_RECONSTRUCTION,INDEPENDENT_RECONSTRUCTION_V1,STRICT_UNSEEN,SOURCE_RECONSTRUCTION,,,2026-09-28T02:49:00+00:00
2026-10-30T02:05:33.002005+00:00,2026-10-29T20:05:33.002005-06:00,2026-10-29,20:05,SOURCE_BULL,Moon ingress Cancer (-10) | CLEAR Gemini VOC/Caution,LONG,TRANSITION,BULL,EVENT,FORK_PROVISIONAL,PROVISIONAL_FORK,False,DISPLAY_FORK_PROVISIONAL_ONLY,SOURCE_RECONSTRUCTION,INDEPENDENT_RECONSTRUCTION_V1,STRICT_UNSEEN,SOURCE_RECONSTRUCTION,,,2026-09-28T02:49:00+00:00
2026-10-30T17:20:11.809979+00:00,2026-10-30T11:20:11.809979-06:00,2026-10-30,11:20,SOURCE_BEAR,Mercury SQUARE Mars,SHORT,PRIMARY,BEAR,EVENT,FORK_PROVISIONAL,PROVISIONAL_FORK,False,DISPLAY_FORK_PROVISIONAL_ONLY,SOURCE_RECONSTRUCTION,INDEPENDENT_RECONSTRUCTION_V1,STRICT_UNSEEN,SOURCE_RECONSTRUCTION,,,2026-09-28T02:49:00+00:00
2026-11-01T04:18:11.796068+00:00,2026-10-31T22:18:11.796068-06:00,2026-10-31,22:18,SOURCE_CLEAR,CLEAR Cancer VOC/Caution,WAIT,TRANSITION,RISK,VOC_CLEAR,FORK_PROVISIONAL,PROVISIONAL_FORK,False,DISPLAY_FORK_PROVISIONAL_ONLY,SOURCE_RECONSTRUCTION,INDEPENDENT_RECONSTRUCTION_V1,STRICT_UNSEEN,SOURCE_RECONSTRUCTION,,,2026-09-28T02:49:00+00:00
2026-11-01T20:28:19.849267+00:00,2026-11-01T14:28:19.849267-06:00,2026-11-01,14:28,SOURCE_RISK,LAST_QUARTER,WAIT,PRIMARY_EXIT,RISK,EVENT,FORK_PROVISIONAL,PROVISIONAL_FORK,False,DISPLAY_FORK_PROVISIONAL_ONLY,SOURCE_RECONSTRUCTION,INDEPENDENT_RECONSTRUCTION_180D_V1,STRICT_UNSEEN_180D_V1,SOURCE_RECONSTRUCTION,,,2026-09-28T02:49:00+00:00
2026-11-03T08:27:38.359214+00:00,2026-11-03T02:27:38.359214-06:00,2026-11-03,02:27,SOURCE_BEAR,Moon ingress Virgo (+15) | CLEAR Leo VOC/Caution,SHORT,TRANSITION,BEAR,VOC_CLEAR,FORK_PROVISIONAL,PROVISIONAL_FORK,False,DISPLAY_FORK_PROVISIONAL_ONLY,SOURCE_RECONSTRUCTION,INDEPENDENT_RECONSTRUCTION_180D_V1,STRICT_UNSEEN_180D_V1,SOURCE_RECONSTRUCTION,,,2026-09-28T02:49:00+00:00
2026-11-05T14:38:11.796068+00:00,2026-11-05T08:38:11.796068-06:00,2026-11-05,08:38,SOURCE_CLEAR,Moon ingress Libra (+5) | CLEAR Virgo VOC/Caution,WAIT,TRANSITION,RISK,VOC_CLEAR,FORK_PROVISIONAL,PROVISIONAL_FORK,False,DISPLAY_FORK_PROVISIONAL_ONLY,SOURCE_RECONSTRUCTION,INDEPENDENT_RECONSTRUCTION_180D_V1,STRICT_UNSEEN_180D_V1,SOURCE_RECONSTRUCTION,,,2026-09-28T02:49:00+00:00
2026-11-07T22:39:19.737298+00:00,2026-11-07T16:39:19.737298-06:00,2026-11-07,16:39,SOURCE_BEAR,Moon ingress Scorpio (+12) | CLEAR Libra VOC/Caution,SHORT,TRANSITION,BEAR,VOC_CLEAR,FORK_PROVISIONAL,PROVISIONAL_FORK,False,DISPLAY_FORK_PROVISIONAL_ONLY,SOURCE_RECONSTRUCTION,INDEPENDENT_RECONSTRUCTION_180D_V1,STRICT_UNSEEN_180D_V1,SOURCE_RECONSTRUCTION,,,2026-09-28T02:49:00+00:00
2026-11-09T07:02:06.559956+00:00,2026-11-09T01:02:06.559956-06:00,2026-11-09,01:02,SOURCE_RISK,NEW_MOON,WAIT,TACTICAL,RISK,EVENT,FORK_PROVISIONAL,PROVISIONAL_FORK,False,DISPLAY_FORK_PROVISIONAL_ONLY,SOURCE_RECONSTRUCTION,INDEPENDENT_RECONSTRUCTION_180D_V1,STRICT_UNSEEN_180D_V1,SOURCE_RECONSTRUCTION,,,2026-09-28T02:49:00+00:00
2026-11-10T08:35:43.332526+00:00,2026-11-10T02:35:43.332526-06:00,2026-11-10,02:35,SOURCE_BULL,Moon ingress Sagittarius (-15) | CLEAR Scorpio VOC/Caution,LONG,TRANSITION,BULL,VOC_CLEAR,FORK_PROVISIONAL,PROVISIONAL_FORK,False,DISPLAY_FORK_PROVISIONAL_ONLY,SOURCE_RECONSTRUCTION,INDEPENDENT_RECONSTRUCTION_180D_V1,STRICT_UNSEEN_180D_V1,SOURCE_RECONSTRUCTION,,,2026-09-28T02:49:00+00:00
2026-11-12T20:27:38.359214+00:00,2026-11-12T14:27:38.359214-06:00,2026-11-12,14:27,SOURCE_BEAR,Moon ingress Capricorn (+8) | CLEAR Sagittarius VOC/Caution,SHORT,TRANSITION,BEAR,VOC_CLEAR,FORK_PROVISIONAL,PROVISIONAL_FORK,False,DISPLAY_FORK_PROVISIONAL_ONLY,SOURCE_RECONSTRUCTION,INDEPENDENT_RECONSTRUCTION_180D_V1,STRICT_UNSEEN_180D_V1,SOURCE_RECONSTRUCTION,,,2026-09-28T02:49:00+00:00
2026-11-15T09:24:16.661022+00:00,2026-11-15T03:24:16.661022-06:00,2026-11-15,03:24,SOURCE_CLEAR,Moon ingress Aquarius (+3) | CLEAR Capricorn VOC/Caution,WAIT,TRANSITION,RISK,VOC_CLEAR,FORK_PROVISIONAL,PROVISIONAL_FORK,False,DISPLAY_FORK_PROVISIONAL_ONLY,SOURCE_RECONSTRUCTION,INDEPENDENT_RECONSTRUCTION_180D_V1,STRICT_UNSEEN_180D_V1,SOURCE_RECONSTRUCTION,,,2026-09-28T02:49:00+00:00
2026-11-17T11:47:51.498825+00:00,2026-11-17T05:47:51.498825-06:00,2026-11-17,05:47,SOURCE_RISK,FIRST_QUARTER,WAIT,TACTICAL,RISK,EVENT,FORK_PROVISIONAL,PROVISIONAL_FORK,False,DISPLAY_FORK_PROVISIONAL_ONLY,SOURCE_RECONSTRUCTION,INDEPENDENT_RECONSTRUCTION_180D_V1,STRICT_UNSEEN_180D_V1,SOURCE_RECONSTRUCTION,,,2026-09-28T02:49:00+00:00
2026-11-17T21:19:19.750041+00:00,2026-11-17T15:19:19.750041-06:00,2026-11-17,15:19,SOURCE_BULL,Moon ingress Pisces (-8) | CLEAR Aquarius VOC/Caution,LONG,TRANSITION,BULL,VOC_CLEAR,FORK_PROVISIONAL,PROVISIONAL_FORK,False,DISPLAY_FORK_PROVISIONAL_ONLY,SOURCE_RECONSTRUCTION,INDEPENDENT_RECONSTRUCTION_180D_V1,STRICT_UNSEEN_180D_V1,SOURCE_RECONSTRUCTION,,,2026-09-28T02:49:00+00:00
2026-11-20T05:52:21.640787+00:00,2026-11-19T23:52:21.640787-06:00,2026-11-19,23:52,SOURCE_CLEAR,Moon ingress Aries (+0) | CLEAR Pisces VOC/Caution,WAIT,TRANSITION,RISK,VOC_CLEAR,FORK_PROVISIONAL,PROVISIONAL_FORK,False,DISPLAY_FORK_PROVISIONAL_ONLY,SOURCE_RECONSTRUCTION,INDEPENDENT_RECONSTRUCTION_180D_V1,STRICT_UNSEEN_180D_V1,SOURCE_RECONSTRUCTION,,,2026-09-28T02:49:00+00:00
2026-11-22T10:09:33.628409+00:00,2026-11-22T04:09:33.628409-06:00,2026-11-22,04:09,SOURCE_BULL,Moon ingress Taurus (-10) | CLEAR Aries VOC/Caution,LONG,TRANSITION,BULL,VOC_CLEAR,FORK_PROVISIONAL,PROVISIONAL_FORK,False,DISPLAY_FORK_PROVISIONAL_ONLY,SOURCE_RECONSTRUCTION,INDEPENDENT_RECONSTRUCTION_180D_V1,STRICT_UNSEEN_180D_V1,SOURCE_RECONSTRUCTION,,,2026-09-28T02:49:00+00:00
2026-11-24T11:09:30.705228+00:00,2026-11-24T05:09:30.705228-06:00,2026-11-24,05:09,SOURCE_CLEAR,Moon ingress Gemini (+5) | CLEAR Taurus VOC/Caution,WAIT,TRANSITION,RISK,VOC_CLEAR,FORK_PROVISIONAL,PROVISIONAL_FORK,False,DISPLAY_FORK_PROVISIONAL_ONLY,SOURCE_RECONSTRUCTION,INDEPENDENT_RECONSTRUCTION_180D_V1,STRICT_UNSEEN_180D_V1,SOURCE_RECONSTRUCTION,,,2026-09-28T02:49:00+00:00
2026-11-24T14:53:28.095747+00:00,2026-11-24T08:53:28.095747-06:00,2026-11-24,08:53,SOURCE_RISK,FULL_MOON,WAIT,PRIMARY_EXIT,RISK,EVENT,FORK_PROVISIONAL,PROVISIONAL_FORK,False,DISPLAY_FORK_PROVISIONAL_ONLY,SOURCE_RECONSTRUCTION,INDEPENDENT_RECONSTRUCTION_180D_V1,STRICT_UNSEEN_180D_V1,SOURCE_RECONSTRUCTION,,,2026-09-28T02:49:00+00:00
2026-11-25T17:27:16.279028+00:00,2026-11-25T11:27:16.279028-06:00,2026-11-25,11:27,SOURCE_BULL,Sun SEXTILE Pluto,LONG,TACTICAL,BULL,EVENT,FORK_PROVISIONAL,PROVISIONAL_FORK,False,DISPLAY_FORK_PROVISIONAL_ONLY,SOURCE_RECONSTRUCTION,INDEPENDENT_RECONSTRUCTION_180D_V1,STRICT_UNSEEN_180D_V1,SOURCE_RECONSTRUCTION,,,2026-09-28T02:49:00+00:00
2026-11-26T10:51:15.170788+00:00,2026-11-26T04:51:15.170788-06:00,2026-11-26,04:51,SOURCE_BULL,Moon ingress Cancer (-10) | CLEAR Gemini VOC/Caution,LONG,TRANSITION,BULL,VOC_CLEAR,FORK_PROVISIONAL,PROVISIONAL_FORK,False,DISPLAY_FORK_PROVISIONAL_ONLY,SOURCE_RECONSTRUCTION,INDEPENDENT_RECONSTRUCTION_180D_V1,STRICT_UNSEEN_180D_V1,SOURCE_RECONSTRUCTION,,,2026-09-28T02:49:00+00:00
2026-11-26T19:31:21.706938+00:00,2026-11-26T13:31:21.706938-06:00,2026-11-26,13:31,SOURCE_BULL,Sun TRINE natal Moon,LONG,PRIMARY,BULL,EVENT,FORK_PROVISIONAL,PROVISIONAL_FORK,False,DISPLAY_FORK_PROVISIONAL_ONLY,SOURCE_RECONSTRUCTION,INDEPENDENT_RECONSTRUCTION_180D_V1,STRICT_UNSEEN_180D_V1,SOURCE_RECONSTRUCTION,,,2026-09-28T02:49:00+00:00
2026-11-28T11:20:40.236394+00:00,2026-11-28T05:20:40.236394-06:00,2026-11-28,05:20,SOURCE_CLEAR,Moon ingress Leo (+0) | CLEAR Cancer VOC/Caution,WAIT,TRANSITION,RISK,VOC_CLEAR,FORK_PROVISIONAL,PROVISIONAL_FORK,False,DISPLAY_FORK_PROVISIONAL_ONLY,SOURCE_RECONSTRUCTION,INDEPENDENT_RECONSTRUCTION_180D_V1,STRICT_UNSEEN_180D_V1,SOURCE_RECONSTRUCTION,,,2026-09-28T02:49:00+00:00
2026-11-29T02:16:52.638535+00:00,2026-11-28T20:16:52.638535-06:00,2026-11-28,20:16,SOURCE_BULL,Mercury TRINE natal Uranus,LONG,PRIMARY,BULL,EVENT,FORK_PROVISIONAL,PROVISIONAL_FORK,False,DISPLAY_FORK_PROVISIONAL_ONLY,SOURCE_RECONSTRUCTION,INDEPENDENT_RECONSTRUCTION_180D_V1,STRICT_UNSEEN_180D_V1,SOURCE_RECONSTRUCTION,,,2026-09-28T02:49:00+00:00
2026-11-30T14:12:21.640787+00:00,2026-11-30T08:12:21.640787-06:00,2026-11-30,08:12,SOURCE_BEAR,Moon ingress Virgo (+15) | CLEAR Leo VOC/Caution,SHORT,TRANSITION,BEAR,VOC_CLEAR,FORK_PROVISIONAL,PROVISIONAL_FORK,False,DISPLAY_FORK_PROVISIONAL_ONLY,SOURCE_RECONSTRUCTION,INDEPENDENT_RECONSTRUCTION_180D_V1,STRICT_UNSEEN_180D_V1,SOURCE_RECONSTRUCTION,,,2026-09-28T02:49:00+00:00
2026-12-01T06:08:23.616309+00:00,2026-12-01T00:08:23.616309-06:00,2026-12-01,00:08,SOURCE_RISK,LAST_QUARTER,WAIT,PRIMARY_EXIT,RISK,EVENT,FORK_PROVISIONAL,PROVISIONAL_FORK,False,DISPLAY_FORK_PROVISIONAL_ONLY,SOURCE_RECONSTRUCTION,INDEPENDENT_RECONSTRUCTION_180D_V1,STRICT_UNSEEN_180D_V1,SOURCE_RECONSTRUCTION,,,2026-09-28T02:49:00+00:00
2026-12-02T20:03:59.815732+00:00,2026-12-02T14:03:59.815732-06:00,2026-12-02,14:03,SOURCE_CLEAR,Moon ingress Libra (+5) | CLEAR Virgo VOC/Caution,WAIT,TRANSITION,RISK,VOC_CLEAR,FORK_PROVISIONAL,PROVISIONAL_FORK,False,DISPLAY_FORK_PROVISIONAL_ONLY,SOURCE_RECONSTRUCTION,INDEPENDENT_RECONSTRUCTION_180D_V1,STRICT_UNSEEN_180D_V1,SOURCE_RECONSTRUCTION,,,2026-09-28T02:49:00+00:00
2026-12-05T04:35:16.718427+00:00,2026-12-04T22:35:16.718427-06:00,2026-12-04,22:35,SOURCE_BEAR,Moon ingress Scorpio (+12) | CLEAR Libra VOC/Caution,SHORT,TRANSITION,BEAR,VOC_CLEAR,FORK_PROVISIONAL,PROVISIONAL_FORK,False,DISPLAY_FORK_PROVISIONAL_ONLY,SOURCE_RECONSTRUCTION,INDEPENDENT_RECONSTRUCTION_180D_V1,STRICT_UNSEEN_180D_V1,SOURCE_RECONSTRUCTION,,,2026-09-28T02:49:00+00:00
2026-12-07T15:06:25.097336+00:00,2026-12-07T09:06:25.097336-06:00,2026-12-07,09:06,SOURCE_BULL,Moon ingress Sagittarius (-15) | CLEAR Scorpio VOC/Caution,LONG,TRANSITION,BULL,VOC_CLEAR,FORK_PROVISIONAL,PROVISIONAL_FORK,False,DISPLAY_FORK_PROVISIONAL_ONLY,SOURCE_RECONSTRUCTION,INDEPENDENT_RECONSTRUCTION_180D_V1,STRICT_UNSEEN_180D_V1,SOURCE_RECONSTRUCTION,,,2026-09-28T02:49:00+00:00
2026-12-09T00:51:58.537414+00:00,2026-12-08T18:51:58.537414-06:00,2026-12-08,18:51,SOURCE_RISK,NEW_MOON,WAIT,TACTICAL,RISK,EVENT,FORK_PROVISIONAL,PROVISIONAL_FORK,False,DISPLAY_FORK_PROVISIONAL_ONLY,SOURCE_RECONSTRUCTION,INDEPENDENT_RECONSTRUCTION_180D_V1,STRICT_UNSEEN_180D_V1,SOURCE_RECONSTRUCTION,,,2026-09-28T02:49:00+00:00
2026-12-09T13:40:28.447791+00:00,2026-12-09T07:40:28.447791-06:00,2026-12-09,07:40,SOURCE_BEAR,Mercury SQUARE Mars,SHORT,PRIMARY,BEAR,EVENT,FORK_PROVISIONAL,PROVISIONAL_FORK,False,DISPLAY_FORK_PROVISIONAL_ONLY,SOURCE_RECONSTRUCTION,INDEPENDENT_RECONSTRUCTION_180D_V1,STRICT_UNSEEN_180D_V1,SOURCE_RECONSTRUCTION,,,2026-09-28T02:49:00+00:00
2026-12-09T18:37:32.548652+00:00,2026-12-09T12:37:32.548652-06:00,2026-12-09,12:37,SOURCE_BEAR,Venus SQUARE Pluto,SHORT,TACTICAL,BEAR,EVENT,FORK_PROVISIONAL,PROVISIONAL_FORK,False,DISPLAY_FORK_PROVISIONAL_ONLY,SOURCE_RECONSTRUCTION,INDEPENDENT_RECONSTRUCTION_180D_V1,STRICT_UNSEEN_180D_V1,SOURCE_RECONSTRUCTION,,,2026-09-28T02:49:00+00:00
2026-12-10T03:08:37.399347+00:00,2026-12-09T21:08:37.399347-06:00,2026-12-09,21:08,SOURCE_BEAR,Moon ingress Capricorn (+8) | CLEAR Sagittarius VOC/Caution,SHORT,TRANSITION,BEAR,VOC_CLEAR,FORK_PROVISIONAL,PROVISIONAL_FORK,False,DISPLAY_FORK_PROVISIONAL_ONLY,SOURCE_RECONSTRUCTION,INDEPENDENT_RECONSTRUCTION_180D_V1,STRICT_UNSEEN_180D_V1,SOURCE_RECONSTRUCTION,,,2026-09-28T02:49:00+00:00
2026-12-11T08:52:05.053357+00:00,2026-12-11T02:52:05.053357-06:00,2026-12-11,02:52,SOURCE_BEAR,Sun SQUARE natal Uranus,SHORT,DOMINANT,BEAR,EVENT,FORK_PROVISIONAL,PROVISIONAL_FORK,False,DISPLAY_FORK_PROVISIONAL_ONLY,SOURCE_RECONSTRUCTION,INDEPENDENT_RECONSTRUCTION_180D_V1,STRICT_UNSEEN_180D_V1,SOURCE_RECONSTRUCTION,,,2026-09-28T02:49:00+00:00
2026-12-12T16:05:40.621471+00:00,2026-12-12T10:05:40.621471-06:00,2026-12-12,10:05,SOURCE_CLEAR,Moon ingress Aquarius (+3) | CLEAR Capricorn VOC/Caution,WAIT,TRANSITION,RISK,VOC_CLEAR,FORK_PROVISIONAL,PROVISIONAL_FORK,False,DISPLAY_FORK_PROVISIONAL_ONLY,SOURCE_RECONSTRUCTION,INDEPENDENT_RECONSTRUCTION_180D_V1,STRICT_UNSEEN_180D_V1,SOURCE_RECONSTRUCTION,,,2026-09-28T02:49:00+00:00
2026-12-13T18:27:45.023345+00:00,2026-12-13T12:27:45.023345-06:00,2026-12-13,12:27,SOURCE_BEAR,Sun SQUARE natal Saturn,SHORT,DOMINANT,BEAR,EVENT,FORK_PROVISIONAL,PROVISIONAL_FORK,False,DISPLAY_FORK_PROVISIONAL_ONLY,SOURCE_RECONSTRUCTION,INDEPENDENT_RECONSTRUCTION_180D_V1,STRICT_UNSEEN_180D_V1,SOURCE_RECONSTRUCTION,,,2026-09-28T02:49:00+00:00
2026-12-15T04:35:43.377166+00:00,2026-12-14T22:35:43.377166-06:00,2026-12-14,22:35,SOURCE_BULL,Moon ingress Pisces (-8) | CLEAR Aquarius VOC/Caution,LONG,TRANSITION,BULL,VOC_CLEAR,FORK_PROVISIONAL,PROVISIONAL_FORK,False,DISPLAY_FORK_PROVISIONAL_ONLY,SOURCE_RECONSTRUCTION,INDEPENDENT_RECONSTRUCTION_180D_V1,STRICT_UNSEEN_180D_V1,SOURCE_RECONSTRUCTION,,,2026-09-28T02:49:00+00:00
2026-12-17T05:42:37.545603+00:00,2026-12-16T23:42:37.545603-06:00,2026-12-16,23:42,SOURCE_RISK,FIRST_QUARTER,WAIT,TACTICAL,RISK,EVENT,FORK_PROVISIONAL,PROVISIONAL_FORK,False,DISPLAY_FORK_PROVISIONAL_ONLY,SOURCE_RECONSTRUCTION,INDEPENDENT_RECONSTRUCTION_180D_V1,STRICT_UNSEEN_180D_V1,SOURCE_RECONSTRUCTION,,,2026-09-28T02:49:00+00:00
2026-12-17T14:34:18.231376+00:00,2026-12-17T08:34:18.231376-06:00,2026-12-17,08:34,SOURCE_CLEAR,Moon ingress Aries (+0) | CLEAR Pisces VOC/Caution,WAIT,TRANSITION,RISK,VOC_CLEAR,FORK_PROVISIONAL,PROVISIONAL_FORK,False,DISPLAY_FORK_PROVISIONAL_ONLY,SOURCE_RECONSTRUCTION,INDEPENDENT_RECONSTRUCTION_180D_V1,STRICT_UNSEEN_180D_V1,SOURCE_RECONSTRUCTION,,,2026-09-28T02:49:00+00:00
2026-12-19T20:29:33.245694+00:00,2026-12-19T14:29:33.245694-06:00,2026-12-19,14:29,SOURCE_BULL,Moon ingress Taurus (-10) | CLEAR Aries VOC/Caution,LONG,TRANSITION,BULL,VOC_CLEAR,FORK_PROVISIONAL,PROVISIONAL_FORK,False,DISPLAY_FORK_PROVISIONAL_ONLY,SOURCE_RECONSTRUCTION,INDEPENDENT_RECONSTRUCTION_180D_V1,STRICT_UNSEEN_180D_V1,SOURCE_RECONSTRUCTION,,,2026-09-28T02:49:00+00:00
2026-12-21T22:26:49.962049+00:00,2026-12-21T16:26:49.962049-06:00,2026-12-21,16:26,SOURCE_CLEAR,Moon ingress Gemini (+5) | CLEAR Taurus VOC/Caution,WAIT,TRANSITION,RISK,VOC_CLEAR,FORK_PROVISIONAL,PROVISIONAL_FORK,False,DISPLAY_FORK_PROVISIONAL_ONLY,SOURCE_RECONSTRUCTION,INDEPENDENT_RECONSTRUCTION_180D_V1,STRICT_UNSEEN_180D_V1,SOURCE_RECONSTRUCTION,,,2026-09-28T02:49:00+00:00
2026-12-23T18:03:00.044890+00:00,2026-12-23T12:03:00.044890-06:00,2026-12-23,12:03,SOURCE_BULL,Mercury TRINE Jupiter,LONG,TACTICAL,BULL,EVENT,FORK_PROVISIONAL,PROVISIONAL_FORK,False,DISPLAY_FORK_PROVISIONAL_ONLY,SOURCE_RECONSTRUCTION,INDEPENDENT_RECONSTRUCTION_180D_V1,STRICT_UNSEEN_180D_V1,SOURCE_RECONSTRUCTION,,,2026-09-28T02:49:00+00:00
2026-12-23T21:58:11.796068+00:00,2026-12-23T15:58:11.796068-06:00,2026-12-23,15:58,SOURCE_BULL,Moon ingress Cancer (-10) | CLEAR Gemini VOC/Caution,LONG,TRANSITION,BULL,VOC_CLEAR,FORK_PROVISIONAL,PROVISIONAL_FORK,False,DISPLAY_FORK_PROVISIONAL_ONLY,SOURCE_RECONSTRUCTION,INDEPENDENT_RECONSTRUCTION_180D_V1,STRICT_UNSEEN_180D_V1,SOURCE_RECONSTRUCTION,,,2026-09-28T02:49:00+00:00
2026-12-24T01:28:10.956326+00:00,2026-12-23T19:28:10.956326-06:00,2026-12-23,19:28,SOURCE_RISK,FULL_MOON,WAIT,PRIMARY_EXIT,RISK,EVENT,FORK_PROVISIONAL,PROVISIONAL_FORK,False,DISPLAY_FORK_PROVISIONAL_ONLY,SOURCE_RECONSTRUCTION,INDEPENDENT_RECONSTRUCTION_180D_V1,STRICT_UNSEEN_180D_V1,SOURCE_RECONSTRUCTION,,,2026-09-28T02:49:00+00:00
2026-12-25T21:12:21.640787+00:00,2026-12-25T15:12:21.640787-06:00,2026-12-25,15:12,SOURCE_CLEAR,Moon ingress Leo (+0) | CLEAR Cancer VOC/Caution,WAIT,TRANSITION,RISK,VOC_CLEAR,FORK_PROVISIONAL,PROVISIONAL_FORK,False,DISPLAY_FORK_PROVISIONAL_ONLY,SOURCE_RECONSTRUCTION,INDEPENDENT_RECONSTRUCTION_180D_V1,STRICT_UNSEEN_180D_V1,SOURCE_RECONSTRUCTION,,,2026-09-28T02:49:00+00:00
2026-12-27T22:13:08.920384+00:00,2026-12-27T16:13:08.920384-06:00,2026-12-27,16:13,SOURCE_BEAR,Moon ingress Virgo (+15) | CLEAR Leo VOC/Caution,SHORT,TRANSITION,BEAR,VOC_CLEAR,FORK_PROVISIONAL,PROVISIONAL_FORK,False,DISPLAY_FORK_PROVISIONAL_ONLY,SOURCE_RECONSTRUCTION,INDEPENDENT_RECONSTRUCTION_180D_V1,STRICT_UNSEEN_180D_V1,SOURCE_RECONSTRUCTION,,,2026-09-28T02:49:00+00:00
2026-12-30T02:26:29.418994+00:00,2026-12-29T20:26:29.418994-06:00,2026-12-29,20:26,SOURCE_CLEAR,Moon ingress Libra (+5) | CLEAR Virgo VOC/Caution,WAIT,TRANSITION,RISK,VOC_CLEAR,FORK_PROVISIONAL,PROVISIONAL_FORK,False,DISPLAY_FORK_PROVISIONAL_ONLY,SOURCE_RECONSTRUCTION,INDEPENDENT_RECONSTRUCTION_180D_V1,STRICT_UNSEEN_180D_V1,SOURCE_RECONSTRUCTION,,,2026-09-28T02:49:00+00:00
2026-12-30T18:59:45.194565+00:00,2026-12-30T12:59:45.194565-06:00,2026-12-30,12:59,SOURCE_RISK,LAST_QUARTER,WAIT,PRIMARY_EXIT,RISK,EVENT,FORK_PROVISIONAL,PROVISIONAL_FORK,False,DISPLAY_FORK_PROVISIONAL_ONLY,SOURCE_RECONSTRUCTION,INDEPENDENT_RECONSTRUCTION_180D_V1,STRICT_UNSEEN_180D_V1,SOURCE_RECONSTRUCTION,,,2026-09-28T02:49:00+00:00
2026-12-30T23:54:26.809369+00:00,2026-12-30T17:54:26.809369-06:00,2026-12-30,17:54,SOURCE_BEAR,Mercury SQUARE Saturn,SHORT,TACTICAL,BEAR,EVENT,FORK_PROVISIONAL,PROVISIONAL_FORK,False,DISPLAY_FORK_PROVISIONAL_ONLY,SOURCE_RECONSTRUCTION,INDEPENDENT_RECONSTRUCTION_180D_V1,STRICT_UNSEEN_180D_V1,SOURCE_RECONSTRUCTION,,,2026-09-28T02:49:00+00:00
2027-01-01T10:15:43.399254+00:00,2027-01-01T04:15:43.399254-06:00,2027-01-01,04:15,SOURCE_BEAR,Moon ingress Scorpio (+12) | CLEAR Libra VOC/Caution,SHORT,TRANSITION,BEAR,VOC_CLEAR,FORK_PROVISIONAL,PROVISIONAL_FORK,False,DISPLAY_FORK_PROVISIONAL_ONLY,SOURCE_RECONSTRUCTION,INDEPENDENT_RECONSTRUCTION_180D_V1,STRICT_UNSEEN_180D_V1,SOURCE_RECONSTRUCTION,,,2026-09-28T02:49:00+00:00
2027-01-03T20:57:04.922360+00:00,2027-01-03T14:57:04.922360-06:00,2027-01-03,14:57,SOURCE_BULL,Moon ingress Sagittarius (-15) | CLEAR Scorpio VOC/Caution,LONG,TRANSITION,BULL,VOC_CLEAR,FORK_PROVISIONAL,PROVISIONAL_FORK,False,DISPLAY_FORK_PROVISIONAL_ONLY,SOURCE_RECONSTRUCTION,INDEPENDENT_RECONSTRUCTION_180D_V1,STRICT_UNSEEN_180D_V1,SOURCE_RECONSTRUCTION,,,2026-09-28T02:49:00+00:00
2027-01-06T09:17:04.922360+00:00,2027-01-06T03:17:04.922360-06:00,2027-01-06,03:17,SOURCE_BEAR,Moon ingress Capricorn (+8) | CLEAR Sagittarius VOC/Caution,SHORT,TRANSITION,BEAR,VOC_CLEAR,FORK_PROVISIONAL,PROVISIONAL_FORK,False,DISPLAY_FORK_PROVISIONAL_ONLY,SOURCE_RECONSTRUCTION,INDEPENDENT_RECONSTRUCTION_180D_V1,STRICT_UNSEEN_180D_V1,SOURCE_RECONSTRUCTION,,,2026-09-28T02:49:00+00:00
2027-01-07T20:24:37.998775+00:00,2027-01-07T14:24:37.998775-06:00,2027-01-07,14:24,SOURCE_RISK,NEW_MOON,WAIT,TACTICAL,RISK,EVENT,FORK_PROVISIONAL,PROVISIONAL_FORK,False,DISPLAY_FORK_PROVISIONAL_ONLY,SOURCE_RECONSTRUCTION,INDEPENDENT_RECONSTRUCTION_180D_V1,STRICT_UNSEEN_180D_V1,SOURCE_RECONSTRUCTION,,,2026-09-28T02:49:00+00:00
2027-01-08T22:11:03.122244+00:00,2027-01-08T16:11:03.122244-06:00,2027-01-08,16:11,SOURCE_CLEAR,Moon ingress Aquarius (+3) | CLEAR Capricorn VOC/Caution,WAIT,TRANSITION,RISK,VOC_CLEAR,FORK_PROVISIONAL,PROVISIONAL_FORK,False,DISPLAY_FORK_PROVISIONAL_ONLY,SOURCE_RECONSTRUCTION,INDEPENDENT_RECONSTRUCTION_180D_V1,STRICT_UNSEEN_180D_V1,SOURCE_RECONSTRUCTION,,,2026-09-28T02:49:00+00:00
2027-01-11T10:35:43.412087+00:00,2027-01-11T04:35:43.412087-06:00,2027-01-11,04:35,SOURCE_BULL,Moon ingress Pisces (-8) | CLEAR Aquarius VOC/Caution,LONG,TRANSITION,BULL,VOC_CLEAR,FORK_PROVISIONAL,PROVISIONAL_FORK,False,DISPLAY_FORK_PROVISIONAL_ONLY,SOURCE_RECONSTRUCTION,INDEPENDENT_RECONSTRUCTION_180D_V1,STRICT_UNSEEN_180D_V1,SOURCE_RECONSTRUCTION,,,2026-09-28T02:49:00+00:00
2027-01-13T21:13:42.248917+00:00,2027-01-13T15:13:42.248917-06:00,2027-01-13,15:13,SOURCE_CLEAR,Moon ingress Aries (+0) | CLEAR Pisces VOC/Caution,WAIT,TRANSITION,RISK,VOC_CLEAR,FORK_PROVISIONAL,PROVISIONAL_FORK,False,DISPLAY_FORK_PROVISIONAL_ONLY,SOURCE_RECONSTRUCTION,INDEPENDENT_RECONSTRUCTION_180D_V1,STRICT_UNSEEN_180D_V1,SOURCE_RECONSTRUCTION,,,2026-09-28T02:49:00+00:00
2027-01-14T10:02:08.213349+00:00,2027-01-14T04:02:08.213349-06:00,2027-01-14,04:02,SOURCE_BULL,Mercury TRINE Uranus,LONG,TACTICAL,BULL,EVENT,FORK_PROVISIONAL,PROVISIONAL_FORK,False,DISPLAY_FORK_PROVISIONAL_ONLY,SOURCE_RECONSTRUCTION,INDEPENDENT_RECONSTRUCTION_180D_V1,STRICT_UNSEEN_180D_V1,SOURCE_RECONSTRUCTION,,,2026-09-28T02:49:00+00:00
2027-01-15T20:34:42.876866+00:00,2027-01-15T14:34:42.876866-06:00,2027-01-15,14:34,SOURCE_RISK,FIRST_QUARTER,WAIT,TACTICAL,RISK,EVENT,FORK_PROVISIONAL,PROVISIONAL_FORK,False,DISPLAY_FORK_PROVISIONAL_ONLY,SOURCE_RECONSTRUCTION,INDEPENDENT_RECONSTRUCTION_180D_V1,STRICT_UNSEEN_180D_V1,SOURCE_RECONSTRUCTION,,,2026-09-28T02:49:00+00:00
2027-01-16T04:43:49.689763+00:00,2027-01-15T22:43:49.689763-06:00,2027-01-15,22:43,SOURCE_BULL,Moon ingress Taurus (-10) | CLEAR Aries VOC/Caution,LONG,TRANSITION,BULL,VOC_CLEAR,FORK_PROVISIONAL,PROVISIONAL_FORK,False,DISPLAY_FORK_PROVISIONAL_ONLY,SOURCE_RECONSTRUCTION,INDEPENDENT_RECONSTRUCTION_180D_V1,STRICT_UNSEEN_180D_V1,SOURCE_RECONSTRUCTION,,,2026-09-28T02:49:00+00:00
2027-01-18T08:33:08.332217+00:00,2027-01-18T02:33:08.332217-06:00,2027-01-18,02:33,SOURCE_CLEAR,Moon ingress Gemini (+5) | CLEAR Taurus VOC/Caution,WAIT,TRANSITION,RISK,VOC_CLEAR,FORK_PROVISIONAL,PROVISIONAL_FORK,False,DISPLAY_FORK_PROVISIONAL_ONLY,SOURCE_RECONSTRUCTION,INDEPENDENT_RECONSTRUCTION_180D_V1,STRICT_UNSEEN_180D_V1,SOURCE_RECONSTRUCTION,,,2026-09-28T02:49:00+00:00
2027-01-19T21:08:29.911810+00:00,2027-01-19T15:08:29.911810-06:00,2027-01-19,15:08,SOURCE_BULL,Sun CONJ natal Jupiter,LONG,TACTICAL,BULL,EVENT,FORK_PROVISIONAL,PROVISIONAL_FORK,False,DISPLAY_FORK_PROVISIONAL_ONLY,SOURCE_RECONSTRUCTION,INDEPENDENT_RECONSTRUCTION_180D_V1,STRICT_UNSEEN_180D_V1,SOURCE_RECONSTRUCTION,,,2026-09-28T02:49:00+00:00
2027-01-20T09:21:06.873708+00:00,2027-01-20T03:21:06.873708-06:00,2027-01-20,03:21,SOURCE_BULL,Moon ingress Cancer (-10) | CLEAR Gemini VOC/Caution,LONG,TRANSITION,BULL,VOC_CLEAR,FORK_PROVISIONAL,PROVISIONAL_FORK,False,DISPLAY_FORK_PROVISIONAL_ONLY,SOURCE_RECONSTRUCTION,INDEPENDENT_RECONSTRUCTION_180D_V1,STRICT_UNSEEN_180D_V1,SOURCE_RECONSTRUCTION,,,2026-09-28T02:49:00+00:00
2027-01-22T02:18:45.995817+00:00,2027-01-21T20:18:45.995817-06:00,2027-01-21,20:18,SOURCE_BULL,Sun TRINE Uranus,LONG,TACTICAL,BULL,EVENT,FORK_PROVISIONAL,PROVISIONAL_FORK,False,DISPLAY_FORK_PROVISIONAL_ONLY,SOURCE_RECONSTRUCTION,INDEPENDENT_RECONSTRUCTION_180D_V1,STRICT_UNSEEN_180D_V1,SOURCE_RECONSTRUCTION,,,2026-09-28T02:49:00+00:00
2027-01-22T08:45:16.681413+00:00,2027-01-22T02:45:16.681413-06:00,2027-01-22,02:45,SOURCE_CLEAR,Moon ingress Leo (+0) | CLEAR Cancer VOC/Caution,WAIT,TRANSITION,RISK,VOC_CLEAR,FORK_PROVISIONAL,PROVISIONAL_FORK,False,DISPLAY_FORK_PROVISIONAL_ONLY,SOURCE_RECONSTRUCTION,INDEPENDENT_RECONSTRUCTION_180D_V1,STRICT_UNSEEN_180D_V1,SOURCE_RECONSTRUCTION,,,2026-09-28T02:49:00+00:00
2027-01-22T12:17:30.465843+00:00,2027-01-22T06:17:30.465843-06:00,2027-01-22,06:17,SOURCE_RISK,FULL_MOON,WAIT,PRIMARY_EXIT,RISK,EVENT,FORK_PROVISIONAL,PROVISIONAL_FORK,False,DISPLAY_FORK_PROVISIONAL_ONLY,SOURCE_RECONSTRUCTION,INDEPENDENT_RECONSTRUCTION_180D_V1,STRICT_UNSEEN_180D_V1,SOURCE_RECONSTRUCTION,,,2026-09-28T02:49:00+00:00
2027-01-24T08:45:09.991794+00:00,2027-01-24T02:45:09.991794-06:00,2027-01-24,02:45,SOURCE_BEAR,Moon ingress Virgo (+15) | CLEAR Leo VOC/Caution,SHORT,TRANSITION,BEAR,VOC_CLEAR,FORK_PROVISIONAL,PROVISIONAL_FORK,False,DISPLAY_FORK_PROVISIONAL_ONLY,SOURCE_RECONSTRUCTION,INDEPENDENT_RECONSTRUCTION_180D_V1,STRICT_UNSEEN_180D_V1,SOURCE_RECONSTRUCTION,,,2026-09-28T02:49:00+00:00
2027-01-26T11:12:21.640787+00:00,2027-01-26T05:12:21.640787-06:00,2027-01-26,05:12,SOURCE_CLEAR,Moon ingress Libra (+5) | CLEAR Virgo VOC/Caution,WAIT,TRANSITION,RISK,VOC_CLEAR,FORK_PROVISIONAL,PROVISIONAL_FORK,False,DISPLAY_FORK_PROVISIONAL_ONLY,SOURCE_RECONSTRUCTION,INDEPENDENT_RECONSTRUCTION_180D_V1,STRICT_UNSEEN_180D_V1,SOURCE_RECONSTRUCTION,,,2026-09-28T02:49:00+00:00
2027-01-28T17:21:06.873708+00:00,2027-01-28T11:21:06.873708-06:00,2027-01-28,11:21,SOURCE_BEAR,Moon ingress Scorpio (+12) | CLEAR Libra VOC/Caution,SHORT,TRANSITION,BEAR,VOC_CLEAR,FORK_PROVISIONAL,PROVISIONAL_FORK,False,DISPLAY_FORK_PROVISIONAL_ONLY,SOURCE_RECONSTRUCTION,INDEPENDENT_RECONSTRUCTION_180D_V1,STRICT_UNSEEN_180D_V1,SOURCE_RECONSTRUCTION,,,2026-09-28T02:49:00+00:00
2027-01-29T10:55:32.778854+00:00,2027-01-29T04:55:32.778854-06:00,2027-01-29,04:55,SOURCE_RISK,LAST_QUARTER,WAIT,PRIMARY_EXIT,RISK,EVENT,FORK_PROVISIONAL,PROVISIONAL_FORK,False,DISPLAY_FORK_PROVISIONAL_ONLY,SOURCE_RECONSTRUCTION,INDEPENDENT_RECONSTRUCTION_180D_V1,STRICT_UNSEEN_180D_V1,SOURCE_RECONSTRUCTION,,,2026-09-28T02:49:00+00:00
2027-01-31T03:13:28.605302+00:00,2027-01-30T21:13:28.605302-06:00,2027-01-30,21:13,SOURCE_BULL,Moon ingress Sagittarius (-15) | CLEAR Scorpio VOC/Caution,LONG,TRANSITION,BULL,VOC_CLEAR,FORK_PROVISIONAL,PROVISIONAL_FORK,False,DISPLAY_FORK_PROVISIONAL_ONLY,SOURCE_RECONSTRUCTION,INDEPENDENT_RECONSTRUCTION_180D_V1,STRICT_UNSEEN_180D_V1,SOURCE_RECONSTRUCTION,,,2026-09-28T02:49:00+00:00
2027-02-02T15:32:48.362905+00:00,2027-02-02T09:32:48.362905-06:00,2027-02-02,09:32,SOURCE_BEAR,Moon ingress Capricorn (+8) | CLEAR Sagittarius VOC/Caution,SHORT,TRANSITION,BEAR,VOC_CLEAR,FORK_PROVISIONAL,PROVISIONAL_FORK,False,DISPLAY_FORK_PROVISIONAL_ONLY,SOURCE_RECONSTRUCTION,INDEPENDENT_RECONSTRUCTION_180D_V1,STRICT_UNSEEN_180D_V1,SOURCE_RECONSTRUCTION,,,2026-09-28T02:49:00+00:00
2027-02-05T04:28:35.343449+00:00,2027-02-04T22:28:35.343449-06:00,2027-02-04,22:28,SOURCE_CLEAR,Moon ingress Aquarius (+3) | CLEAR Capricorn VOC/Caution,WAIT,TRANSITION,RISK,VOC_CLEAR,FORK_PROVISIONAL,PROVISIONAL_FORK,False,DISPLAY_FORK_PROVISIONAL_ONLY,SOURCE_RECONSTRUCTION,INDEPENDENT_RECONSTRUCTION_180D_V1,STRICT_UNSEEN_180D_V1,SOURCE_RECONSTRUCTION,,,2026-09-28T02:49:00+00:00
2027-02-06T15:56:18.363998+00:00,2027-02-06T09:56:18.363998-06:00,2027-02-06,09:56,SOURCE_RISK,NEW_MOON,WAIT,TACTICAL,RISK,EVENT,FORK_PROVISIONAL,PROVISIONAL_FORK,False,DISPLAY_FORK_PROVISIONAL_ONLY,SOURCE_RECONSTRUCTION,INDEPENDENT_RECONSTRUCTION_180D_V1,STRICT_UNSEEN_180D_V1,SOURCE_RECONSTRUCTION,,,2026-09-28T02:49:00+00:00
2027-02-07T07:14:56.559315+00:00,2027-02-07T01:14:56.559315-06:00,2027-02-07,01:14,SOURCE_BEAR,Mercury OPPOSITION Mars,SHORT,PRIMARY,BEAR,EVENT,FORK_PROVISIONAL,PROVISIONAL_FORK,False,DISPLAY_FORK_PROVISIONAL_ONLY,SOURCE_RECONSTRUCTION,INDEPENDENT_RECONSTRUCTION_180D_V1,STRICT_UNSEEN_180D_V1,SOURCE_RECONSTRUCTION,,,2026-09-28T02:49:00+00:00
2027-02-07T16:31:37.309848+00:00,2027-02-07T10:31:37.309848-06:00,2027-02-07,10:31,SOURCE_BULL,Moon ingress Pisces (-8) | CLEAR Aquarius VOC/Caution,LONG,TRANSITION,BULL,VOC_CLEAR,FORK_PROVISIONAL,PROVISIONAL_FORK,False,DISPLAY_FORK_PROVISIONAL_ONLY,SOURCE_RECONSTRUCTION,INDEPENDENT_RECONSTRUCTION_180D_V1,STRICT_UNSEEN_180D_V1,SOURCE_RECONSTRUCTION,,,2026-09-28T02:49:00+00:00
2027-02-10T02:48:34.675595+00:00,2027-02-09T20:48:34.675595-06:00,2027-02-09,20:48,SOURCE_CLEAR,Moon ingress Aries (+0) | CLEAR Pisces VOC/Caution,WAIT,TRANSITION,RISK,VOC_CLEAR,FORK_PROVISIONAL,PROVISIONAL_FORK,False,DISPLAY_FORK_PROVISIONAL_ONLY,SOURCE_RECONSTRUCTION,INDEPENDENT_RECONSTRUCTION_180D_V1,STRICT_UNSEEN_180D_V1,SOURCE_RECONSTRUCTION,,,2026-09-28T02:49:00+00:00
2027-02-12T10:44:16.546896+00:00,2027-02-12T04:44:16.546896-06:00,2027-02-12,04:44,SOURCE_BULL,Moon ingress Taurus (-10) | CLEAR Aries VOC/Caution,LONG,TRANSITION,BULL,VOC_CLEAR,FORK_PROVISIONAL,PROVISIONAL_FORK,False,DISPLAY_FORK_PROVISIONAL_ONLY,SOURCE_RECONSTRUCTION,INDEPENDENT_RECONSTRUCTION_180D_V1,STRICT_UNSEEN_180D_V1,SOURCE_RECONSTRUCTION,,,2026-09-28T02:49:00+00:00
2027-02-13T11:40:09.877683+00:00,2027-02-13T05:40:09.877683-06:00,2027-02-13,05:40,SOURCE_BEAR,Venus SQUARE Saturn,SHORT,TACTICAL,BEAR,EVENT,FORK_PROVISIONAL,PROVISIONAL_FORK,False,DISPLAY_FORK_PROVISIONAL_ONLY,SOURCE_RECONSTRUCTION,INDEPENDENT_RECONSTRUCTION_180D_V1,STRICT_UNSEEN_180D_V1,SOURCE_RECONSTRUCTION,,,2026-09-28T02:49:00+00:00
2027-02-14T07:58:29.495432+00:00,2027-02-14T01:58:29.495432-06:00,2027-02-14,01:58,SOURCE_RISK,FIRST_QUARTER,WAIT,TACTICAL,RISK,EVENT,FORK_PROVISIONAL,PROVISIONAL_FORK,False,DISPLAY_FORK_PROVISIONAL_ONLY,SOURCE_RECONSTRUCTION,INDEPENDENT_RECONSTRUCTION_180D_V1,STRICT_UNSEEN_180D_V1,SOURCE_RECONSTRUCTION,,,2026-09-28T02:49:00+00:00
2027-02-14T15:58:53.126292+00:00,2027-02-14T09:58:53.126292-06:00,2027-02-14,09:58,SOURCE_CLEAR,Moon ingress Gemini (+5) | CLEAR Taurus VOC/Caution,WAIT,TRANSITION,RISK,VOC_CLEAR,FORK_PROVISIONAL,PROVISIONAL_FORK,False,DISPLAY_FORK_PROVISIONAL_ONLY,SOURCE_RECONSTRUCTION,INDEPENDENT_RECONSTRUCTION_180D_V1,STRICT_UNSEEN_180D_V1,SOURCE_RECONSTRUCTION,,,2026-09-28T02:49:00+00:00
2027-02-16T17:42:19.728126+00:00,2027-02-16T11:42:19.728126-06:00,2027-02-16,11:42,SOURCE_BEAR,Mercury OPPOSITION Mars,SHORT,PRIMARY,BEAR,EVENT,FORK_PROVISIONAL,PROVISIONAL_FORK,False,DISPLAY_FORK_PROVISIONAL_ONLY,SOURCE_RECONSTRUCTION,INDEPENDENT_RECONSTRUCTION_180D_V1,STRICT_UNSEEN_180D_V1,SOURCE_RECONSTRUCTION,,,2026-09-28T02:49:00+00:00
2027-02-16T18:38:11.796068+00:00,2027-02-16T12:38:11.796068-06:00,2027-02-16,12:38,SOURCE_BULL,Moon ingress Cancer (-10) | CLEAR Gemini VOC/Caution,LONG,TRANSITION,BULL,VOC_CLEAR,FORK_PROVISIONAL,PROVISIONAL_FORK,False,DISPLAY_FORK_PROVISIONAL_ONLY,SOURCE_RECONSTRUCTION,INDEPENDENT_RECONSTRUCTION_180D_V1,STRICT_UNSEEN_180D_V1,SOURCE_RECONSTRUCTION,,,2026-09-28T02:49:00+00:00
2027-02-18T19:31:11.601794+00:00,2027-02-18T13:31:11.601794-06:00,2027-02-18,13:31,SOURCE_CLEAR,Moon ingress Leo (+0) | CLEAR Cancer VOC/Caution,WAIT,TRANSITION,RISK,VOC_CLEAR,FORK_PROVISIONAL,PROVISIONAL_FORK,False,DISPLAY_FORK_PROVISIONAL_ONLY,SOURCE_RECONSTRUCTION,INDEPENDENT_RECONSTRUCTION_180D_V1,STRICT_UNSEEN_180D_V1,SOURCE_RECONSTRUCTION,,,2026-09-28T02:49:00+00:00
2027-02-20T19:58:53.126292+00:00,2027-02-20T13:58:53.126292-06:00,2027-02-20,13:58,SOURCE_BEAR,Moon ingress Virgo (+15) | CLEAR Leo VOC/Caution,SHORT,TRANSITION,BEAR,VOC_CLEAR,FORK_PROVISIONAL,PROVISIONAL_FORK,False,DISPLAY_FORK_PROVISIONAL_ONLY,SOURCE_RECONSTRUCTION,INDEPENDENT_RECONSTRUCTION_180D_V1,STRICT_UNSEEN_180D_V1,SOURCE_RECONSTRUCTION,,,2026-09-28T02:49:00+00:00
2027-02-20T23:23:35.701704+00:00,2027-02-20T17:23:35.701704-06:00,2027-02-20,17:23,SOURCE_RISK,FULL_MOON,WAIT,PRIMARY_EXIT,RISK,EVENT,FORK_PROVISIONAL,PROVISIONAL_FORK,False,DISPLAY_FORK_PROVISIONAL_ONLY,SOURCE_RECONSTRUCTION,INDEPENDENT_RECONSTRUCTION_180D_V1,STRICT_UNSEEN_180D_V1,SOURCE_RECONSTRUCTION,,,2026-09-28T02:49:00+00:00
2027-02-22T21:44:16.039302+00:00,2027-02-22T15:44:16.039302-06:00,2027-02-22,15:44,SOURCE_CLEAR,Moon ingress Libra (+5) | CLEAR Virgo VOC/Caution,WAIT,TRANSITION,RISK,VOC_CLEAR,FORK_PROVISIONAL,PROVISIONAL_FORK,False,DISPLAY_FORK_PROVISIONAL_ONLY,SOURCE_RECONSTRUCTION,INDEPENDENT_RECONSTRUCTION_180D_V1,STRICT_UNSEEN_180D_V1,SOURCE_RECONSTRUCTION,,,2026-09-28T02:49:00+00:00
2027-02-25T02:24:16.530681+00:00,2027-02-24T20:24:16.530681-06:00,2027-02-24,20:24,SOURCE_BEAR,Moon ingress Scorpio (+12) | CLEAR Libra VOC/Caution,SHORT,TRANSITION,BEAR,VOC_CLEAR,FORK_PROVISIONAL,PROVISIONAL_FORK,False,DISPLAY_FORK_PROVISIONAL_ONLY,SOURCE_RECONSTRUCTION,INDEPENDENT_RECONSTRUCTION_180D_V1,STRICT_UNSEEN_180D_V1,SOURCE_RECONSTRUCTION,,,2026-09-28T02:49:00+00:00
2027-02-27T10:52:21.640787+00:00,2027-02-27T04:52:21.640787-06:00,2027-02-27,04:52,SOURCE_BULL,Moon ingress Sagittarius (-15) | CLEAR Scorpio VOC/Caution,LONG,TRANSITION,BULL,VOC_CLEAR,FORK_PROVISIONAL,PROVISIONAL_FORK,False,DISPLAY_FORK_PROVISIONAL_ONLY,SOURCE_RECONSTRUCTION,INDEPENDENT_RECONSTRUCTION_180D_V1,STRICT_UNSEEN_180D_V1,SOURCE_RECONSTRUCTION,,,2026-09-28T02:49:00+00:00
2027-02-28T05:16:31.593903+00:00,2027-02-27T23:16:31.593903-06:00,2027-02-27,23:16,SOURCE_RISK,LAST_QUARTER,WAIT,PRIMARY_EXIT,RISK,EVENT,FORK_PROVISIONAL,PROVISIONAL_FORK,False,DISPLAY_FORK_PROVISIONAL_ONLY,SOURCE_RECONSTRUCTION,INDEPENDENT_RECONSTRUCTION_180D_V1,STRICT_UNSEEN_180D_V1,SOURCE_RECONSTRUCTION,,,2026-09-28T02:49:00+00:00
2027-03-01T22:35:43.475522+00:00,2027-03-01T16:35:43.475522-06:00,2027-03-01,16:35,SOURCE_BEAR,Moon ingress Capricorn (+8) | CLEAR Sagittarius VOC/Caution,SHORT,TRANSITION,BEAR,VOC_CLEAR,FORK_PROVISIONAL,PROVISIONAL_FORK,False,DISPLAY_FORK_PROVISIONAL_ONLY,SOURCE_RECONSTRUCTION,INDEPENDENT_RECONSTRUCTION_180D_V1,STRICT_UNSEEN_180D_V1,SOURCE_RECONSTRUCTION,,,2026-09-28T02:49:00+00:00
2027-03-04T11:31:34.981600+00:00,2027-03-04T05:31:34.981600-06:00,2027-03-04,05:31,SOURCE_CLEAR,Moon ingress Aquarius (+3) | CLEAR Capricorn VOC/Caution,WAIT,TRANSITION,RISK,VOC_CLEAR,FORK_PROVISIONAL,PROVISIONAL_FORK,False,DISPLAY_FORK_PROVISIONAL_ONLY,SOURCE_RECONSTRUCTION,INDEPENDENT_RECONSTRUCTION_180D_V1,STRICT_UNSEEN_180D_V1,SOURCE_RECONSTRUCTION,,,2026-09-28T02:49:00+00:00
2027-03-04T20:23:03.826190+00:00,2027-03-04T14:23:03.826190-06:00,2027-03-04,14:23,SOURCE_BEAR,Saturn SQUARE natal Sun,SHORT,DOMINANT,BEAR,EVENT,FORK_PROVISIONAL,PROVISIONAL_FORK,False,DISPLAY_FORK_PROVISIONAL_ONLY,SOURCE_RECONSTRUCTION,INDEPENDENT_RECONSTRUCTION_180D_V1,STRICT_UNSEEN_180D_V1,SOURCE_RECONSTRUCTION,,,2026-09-28T02:49:00+00:00
2027-03-06T23:25:16.638820+00:00,2027-03-06T17:25:16.638820-06:00,2027-03-06,17:25,SOURCE_BULL,Moon ingress Pisces (-8) | CLEAR Aquarius VOC/Caution,LONG,TRANSITION,BULL,VOC_CLEAR,FORK_PROVISIONAL,PROVISIONAL_FORK,False,DISPLAY_FORK_PROVISIONAL_ONLY,SOURCE_RECONSTRUCTION,INDEPENDENT_RECONSTRUCTION_180D_V1,STRICT_UNSEEN_180D_V1,SOURCE_RECONSTRUCTION,,,2026-09-28T02:49:00+00:00
2027-03-08T09:29:27.085344+00:00,2027-03-08T03:29:27.085344-06:00,2027-03-08,03:29,SOURCE_RISK,NEW_MOON,WAIT,TACTICAL,RISK,EVENT,FORK_PROVISIONAL,PROVISIONAL_FORK,False,DISPLAY_FORK_PROVISIONAL_ONLY,SOURCE_RECONSTRUCTION,INDEPENDENT_RECONSTRUCTION_180D_V1,STRICT_UNSEEN_180D_V1,SOURCE_RECONSTRUCTION,,,2026-09-28T02:49:00+00:00
2027-03-09T09:02:28.311016+00:00,2027-03-09T03:02:28.311016-06:00,2027-03-09,03:02,SOURCE_CLEAR,Moon ingress Aries (+0) | CLEAR Pisces VOC/Caution,WAIT,TRANSITION,RISK,VOC_CLEAR,FORK_PROVISIONAL,PROVISIONAL_FORK,False,DISPLAY_FORK_PROVISIONAL_ONLY,SOURCE_RECONSTRUCTION,INDEPENDENT_RECONSTRUCTION_180D_V1,STRICT_UNSEEN_180D_V1,SOURCE_RECONSTRUCTION,,,2026-09-28T02:49:00+00:00
2027-03-11T08:31:10.742961+00:00,2027-03-11T02:31:10.742961-06:00,2027-03-11,02:31,SOURCE_BEAR,Mercury OPPOSITION Mars,SHORT,PRIMARY,BEAR,EVENT,FORK_PROVISIONAL,PROVISIONAL_FORK,False,DISPLAY_FORK_PROVISIONAL_ONLY,SOURCE_RECONSTRUCTION,INDEPENDENT_RECONSTRUCTION_180D_V1,STRICT_UNSEEN_180D_V1,SOURCE_RECONSTRUCTION,,,2026-09-28T02:49:00+00:00
2027-03-11T16:16:22.387651+00:00,2027-03-11T10:16:22.387651-06:00,2027-03-11,10:16,SOURCE_BULL,Moon ingress Taurus (-10) | CLEAR Aries VOC/Caution,LONG,TRANSITION,BULL,VOC_CLEAR,FORK_PROVISIONAL,PROVISIONAL_FORK,False,DISPLAY_FORK_PROVISIONAL_ONLY,SOURCE_RECONSTRUCTION,INDEPENDENT_RECONSTRUCTION_180D_V1,STRICT_UNSEEN_180D_V1,SOURCE_RECONSTRUCTION,,,2026-09-28T02:49:00+00:00
